Ext,Temp,Force,Metal,TempSq,TempLog,ForceSq,ForceLog
87.40112637,22.72281039,9.771945421,3,516.326112,3.123369283,95.4909173,2.279515568
70.77757387,23.92765239,5.496136965,1,572.5325489,3.175034794,30.20752154,1.704045476
83.63431954,24.1731829,8.805328254,3,584.3427713,3.185243874,77.53380565,2.175357022
81.74755744,20.45243071,9.733243345,3,418.3019221,3.018101737,94.73602601,2.275547175
54.07327107,23.32406616,0.133530442,2,544.0120622,3.14948571,0.017830379,-2.0134258
72.10350992,19.03116084,8.943068183,3,362.1850829,2.94607768,79.97846852,2.190878727
74.5914066,21.93516959,8.798489405,1,481.1516651,3.088091266,77.41341582,2.174580048
67.2533285,21.60941099,7.299943115,2,466.9666432,3.073128914,53.28916948,1.987866556
77.57429134,23.5195715,3.497076982,3,553.1702435,3.157832904,12.22954742,1.251927472
79.71359122,23.63070802,9.551486396,2,558.4103614,3.162547053,91.23089238,2.256696786
66.0565857,19.16188406,5.585119266,3,367.1778009,2.952923101,31.19355721,1.720105787
49.92000388,20.97694318,0.840228794,3,440.032145,3.043423891,0.705984426,-0.174081051
74.91698598,25.28079499,3.71036004,3,639.1185954,3.230045016,13.76677163,1.311128918
81.33564539,22.12037629,5.647089656,3,489.311047,3.096499188,31.88962158,1.731140307
82.67226055,23.23383176,9.807659446,2,539.8109381,3.145609482,96.1901838,2.283163657
58.84613106,22.62056258,4.739299193,1,511.6898515,3.118859341,22.46095684,1.555889275
75.0328308,23.43069465,7.390231802,2,548.9974516,3.1540469,54.61552609,2.000159101
73.28339865,20.11442215,7.34731487,3,404.5899783,3.001437078,53.9830358,1.994334923
79.18503344,26.30271636,7.821240223,2,691.8328878,3.269672217,61.17179862,2.056843138
65.84322613,22.45684584,8.30501935,1,504.3099252,3.111595505,68.9733464,2.116860073
61.61185129,24.46013126,3.769774658,1,598.2980214,3.197044497,14.21120097,1.327015227
57.48838732,23.53434237,1.931355395,1,553.8652707,3.158460732,3.730133663,0.658222034
54.1626721,22.94839855,3.330976365,1,526.6289958,3.133248154,11.09540354,1.203265464
71.86528041,24.06283755,4.521574066,1,579.0201508,3.18066864,20.44463203,1.508860178
59.48809375,23.95874739,0.424040768,2,574.0215764,3.176333493,0.179810573,-0.857925678
62.64007223,22.12667189,0.802390389,2,489.5896088,3.096783754,0.643830337,-0.22016002
55.97685361,21.76367492,2.950988158,3,473.6575462,3.080242292,8.708331109,1.082140083
67.43467917,24.58271104,8.235376461,1,604.309682,3.202043393,67.82142545,2.108439077
79.07091485,22.42785789,7.643017834,2,503.0088096,3.110303842,58.41572161,2.03379253
65.36784282,24.57939599,3.818410903,2,604.1467072,3.201908531,14.58026182,1.339834342
68.20382644,22.90666147,3.854179962,1,524.7151398,3.131427762,14.85470318,1.349158264
57.77182716,24.93688071,1.054842246,2,621.8480197,3.216347861,1.112692164,0.053391226
66.9606867,25.96722795,1.368030175,3,674.2969273,3.256835279,1.871506559,0.313371876
79.79299584,21.34205358,7.413023503,2,455.4832509,3.060679473,54.95291746,2.003238386
70.37001248,20.14433958,8.931895469,1,405.7944173,3.002923335,79.77875667,2.189628631
75.74225211,21.91445539,6.549247873,2,480.2433548,3.087146482,42.89264771,1.879350215
58.74907847,22.69073787,1.857905583,2,514.8695851,3.121956818,3.451813157,0.619449823
86.91978519,24.85805736,8.281994292,2,617.9230155,3.21318194,68.59142945,2.114083796
61.89916166,20.49523541,1.315672926,2,420.0546745,3.02019244,1.730995249,0.274348266
67.79101832,24.68661558,4.23213359,3,609.4289886,3.206261217,17.91095472,1.442706261
62.00175839,20.00342933,8.130988916,1,400.1371851,2.995903726,66.11298076,2.095682554
44.40159394,21.02948798,1.483763347,1,442.2393645,3.045925642,2.20155367,0.394581662
80.11159217,21.6953834,6.570090696,3,470.6896609,3.077099491,43.16609175,1.882527637
77.0546175,27.25328397,6.501615031,1,742.7414871,3.305174026,42.27099801,1.872050612
59.51442431,24.52765867,1.664586109,1,601.6060397,3.199801406,2.770846915,0.509576509
54.7558615,19.52185619,1.283457042,3,381.1028691,2.971534668,1.647261978,0.249557251
69.44205475,23.76220263,5.632342154,2,564.642274,3.168096194,31.72327814,1.728525369
73.82256567,21.89406167,6.126174042,3,479.3499366,3.086215444,37.53000839,1.812570418
77.36429936,22.63499101,6.985099064,2,512.342818,3.119496984,48.79160894,1.943779175
64.74853055,22.84580026,5.760628579,2,521.9305897,3.128767305,33.18484162,1.751046597
59.0400732,20.7357571,3.91612404,1,429.9716227,3.031859606,15.3360275,1.365102399
72.02829416,20.37709391,8.053976079,1,415.225956,3.014411422,64.86653067,2.086165892
55.00050876,22.92886302,0.687593694,2,525.7327595,3.132396511,0.472785088,-0.374557176
71.19003481,26.21458074,6.724149873,1,687.2042433,3.266315773,45.21419152,1.905705505
70.52859966,24.39954739,3.345749159,2,595.3379126,3.194564582,11.19403744,1.207690632
77.37232138,19.4262648,7.174357383,3,377.379764,2.966626006,51.47140386,1.970513194
48.05527386,19.23473984,1.226389564,1,369.9752167,2.956718011,1.504031363,0.204074539
75.25905998,24.78743326,7.607537762,2,614.4168474,3.210336801,57.8746308,2.029139567
69.47832097,26.88766712,3.648841223,3,722.9466433,3.29166771,13.31404227,1.294409644
59.35098991,20.63327725,0.102368384,3,425.73213,3.026905173,0.010479286,-2.279177367
65.96013942,21.86695074,7.506588358,2,478.1635347,3.084976398,56.34886877,2.015781083
74.86682056,21.30662128,8.300068663,2,453.9721105,3.059017883,68.8911398,2.116263787
72.45236962,24.03757779,6.056076779,2,577.8051458,3.179618347,36.67606596,1.801062194
73.67801132,21.09779569,7.571881718,2,445.1169829,3.049168565,57.33339276,2.024441612
51.51335975,22.24345591,0.615819152,1,494.7713307,3.102047849,0.379233229,-0.484801942
52.93497813,23.77121738,0.456124626,1,565.0707757,3.168475495,0.208049674,-0.784989205
75.1511981,23.32989854,9.413843898,1,544.2841659,3.149735737,88.62045693,2.242181361
70.13951313,24.68264295,9.674349807,1,609.2328629,3.206100282,93.59304418,2.269478033
86.52459208,24.66507872,9.759554574,3,608.3661085,3.205388426,95.24890549,2.278246762
62.14890125,22.57661209,4.267015802,2,509.7034137,3.116914507,18.20742385,1.450914707
68.24533707,21.41032941,8.137587227,1,458.4022053,3.063873488,66.22032588,2.096493727
51.63632651,20.96262935,2.064343621,2,439.4318294,3.042741298,4.261514586,0.724812317
78.0615125,24.11753091,9.412913308,2,581.6552973,3.182939,88.60293695,2.242082503
58.57170494,24.07534572,3.264359583,2,579.6222717,3.181188318,10.65604349,1.183063597
72.17441577,21.85769375,7.435889402,2,477.7587761,3.084552976,55.2924512,2.006318196
61.3285455,23.68118304,4.342800865,1,560.7984301,3.164680768,18.85991936,1.468519501
58.43198413,21.2738881,3.230048937,1,452.578315,3.05748041,10.43321614,1.172497288
62.08360176,25.73802034,0.463469815,3,662.4456908,3.247969289,0.21480427,-0.769014019
87.6447992,25.10765221,7.302560022,3,630.3941995,3.223172669,53.32738287,1.988224975
55.91795674,22.36852476,3.839266242,1,500.3508997,3.107654826,14.73996528,1.345281266
50.00948929,23.86277174,0.309843232,1,569.4318752,3.172319577,0.096002829,-1.171688811
78.94043708,23.10211608,9.143292545,2,533.7077676,3.139924219,83.59979857,2.213020555
70.01297291,25.44069216,6.311240445,2,647.2288176,3.236349946,39.83175596,1.842332241
60.56900723,20.26143581,4.74991017,2,410.5257811,3.008719365,22.56164663,1.558125706
74.58102573,20.01275331,9.90336383,2,400.5102951,2.996369736,98.07661515,2.29287448
63.07367023,24.46918767,5.097570657,1,598.7411455,3.19741468,25.9852266,1.628764084
60.35852111,23.93165533,0.542156515,3,572.7241268,3.175202073,0.293933686,-0.612200547
76.75163227,23.97464995,9.448684182,1,574.7838402,3.17699702,89.27763276,2.245875492
59.0415926,19.11419638,5.737477602,1,365.3525034,2.950431325,32.91864923,1.747019672
58.85019716,24.06801322,2.777697013,3,579.2692603,3.180883707,7.715600697,1.021622172
55.45198177,23.07385336,0.259387617,2,532.4027088,3.138700087,0.067281936,-1.349431747
71.70438998,20.97199404,8.606680369,2,439.8245339,3.04318793,74.07494697,2.152538689
58.48862607,22.07582368,4.962660144,2,487.3419912,3.094483059,24.62799571,1.601941916
66.97650309,21.29628022,8.084714795,1,453.5315512,3.05853242,65.36261331,2.089975217
68.77543284,23.03523942,4.075665297,3,530.6222553,3.137025192,16.61104761,1.405033996
63.80589102,21.87585419,4.898802286,3,478.5529964,3.08538348,23.99826384,1.588990744
79.32215457,22.32990503,9.445667649,2,498.6246585,3.105926813,89.22063733,2.245556187
66.68838136,23.0368352,4.99145716,2,530.695776,3.137094465,24.91464458,1.607727883
68.51915374,27.26954877,4.362525581,1,743.6282902,3.30577065,19.03162945,1.473051151
72.17326987,21.42935915,8.510584973,1,459.2174335,3.064761905,72.43005659,2.14131068
76.48717115,20.92206252,8.93531868,1,437.7327,3.040804225,79.83991991,2.190011814
67.42628463,22.8574453,2.81644122,3,522.4628055,3.129276898,7.932341144,1.035474109
69.75709186,22.13602154,2.338124772,3,490.0034496,3.097206216,5.46682745,0.849349229
56.94520069,23.46943196,0.307412248,3,550.8142364,3.155698807,0.09450229,-1.179565606
68.1093944,23.73208057,3.070163054,3,563.2116484,3.166827744,9.425901178,1.121730672
73.44702914,27.66671571,3.826181935,3,765.4471579,3.320230092,14.6396682,1.341867422
88.77232752,23.35282188,9.858710396,3,545.3542899,3.150717828,97.19417067,2.288355369
57.18744038,24.50469439,2.866727947,1,600.480047,3.198864707,8.218129124,1.053171291
73.453053,22.68545701,7.277320672,1,514.6299596,3.121724059,52.95939617,1.984762755
66.84971528,27.1992293,3.977129194,1,739.7980743,3.303188638,15.81755663,1.380560251
56.71499732,28.42723253,3.983590563,1,808.1075494,3.347347578,15.86899378,1.382183564
98.49963331,23.75374148,9.898030963,3,564.2402345,3.167740054,97.97101694,2.292335845
60.05604827,20.72592251,3.749841528,3,429.5638641,3.031385212,14.06131149,1.32171358
57.63468098,18.52916634,7.534053242,1,343.3300052,2.919346049,56.76195825,2.019433176
57.87217814,24.75749846,0.48268016,3,612.9337299,3.209128411,0.232980136,-0.72840104
81.63055039,24.85689319,7.505505986,3,617.8651391,3.213135106,56.33262011,2.015636883
85.36889255,24.55008242,9.015781612,3,602.706547,3.200715212,81.28431807,2.198976554
65.50305698,24.00585714,2.913042558,2,576.2811769,3.178297848,8.485816947,1.069198088
62.08851945,20.54704185,5.683368079,2,422.1809289,3.022716982,32.30067272,1.737544029
35.2937056,19.2145806,2.098437124,1,369.2001077,2.955669397,4.403438363,0.741192841
91.95947264,22.7929934,9.914309904,3,519.5205483,3.126453182,98.29354087,2.293979158
66.1640193,22.58873074,2.344044722,3,510.2507564,3.117451142,5.494545657,0.851877951
63.92535244,20.77806229,5.307882449,1,431.7278724,3.033897732,28.17361609,1.66919297
49.28480631,21.17429783,1.869533164,1,448.3508884,3.052788079,3.495154253,0.625688755
66.13420523,24.47012279,5.604066683,1,598.7869093,3.197452895,31.40556339,1.723492528
79.18155676,23.60016328,9.427397954,2,556.967707,3.161253631,88.87583219,2.243620126
56.88327256,22.10557256,3.981586592,3,488.656338,3.095829729,15.85303179,1.381680381
52.34637886,22.59672791,0.839373255,3,510.6121121,3.117805113,0.704547461,-0.17509979
52.12778441,19.31185444,0.963622278,2,372.9477218,2.960719127,0.928567895,-0.037055889
78.53458664,24.35715621,5.478678213,3,593.2710589,3.192825696,30.01591496,1.70086387
58.96509155,24.17369855,0.533675887,2,584.3677015,3.185265205,0.284809952,-0.627966578
66.81091462,21.11247845,3.858364811,1,445.7367464,3.049864262,14.88697902,1.35024347
64.87126207,24.42014298,1.241810517,2,596.3433829,3.195408324,1.542093361,0.216570409
53.37853305,23.3614148,1.351034073,3,545.7557016,3.151085721,1.825293067,0.300870279
89.46641507,22.64520178,8.994063651,3,512.8051635,3.119947987,80.89318096,2.196564765
64.37345324,24.14642979,1.424259429,2,583.0500717,3.184136535,2.028514922,0.35365198
66.86335426,22.9950899,6.048724018,1,528.7741593,3.13528071,36.58706225,1.799847344
64.61170279,24.29885763,0.847905502,2,590.4344823,3.190429338,0.71894374,-0.164986086
68.19471069,21.70899729,1.855201025,1,471.2805635,3.077726796,3.441770843,0.617993059
76.33215622,24.60038949,7.512053624,3,605.1791633,3.202762276,56.43094965,2.01650888
60.14934293,23.90658444,1.504763218,3,571.5247796,3.174153921,2.264312343,0.408635556
67.4280396,20.65192308,7.060824656,1,426.5019269,3.027808442,49.85524482,1.954561851
84.32210409,25.67800766,7.129186084,3,659.3600775,3.245634893,50.82529423,1.964197074
45.23519226,23.80173344,1.588009831,1,566.522515,3.169758412,2.521775223,0.462481554
53.56522335,25.08248141,0.418071933,2,629.1308736,3.222169651,0.174784141,-0.872101773
64.53364551,22.17706381,2.087675806,2,491.8221592,3.099058593,4.35839027,0.736051392
62.43008394,22.88864206,4.500774415,1,523.8899353,3.130640808,20.25697034,1.504249474
82.20551674,25.01527963,9.857363175,1,625.7642148,3.219486823,97.16760876,2.288218706
66.2150653,24.71090697,2.462025227,1,610.6289235,3.207244724,6.061568216,0.900984274
55.52731819,23.60001713,1.592126831,1,556.9608084,3.161247438,2.534867846,0.465070752
79.5490755,24.70990868,7.733674734,3,610.5795871,3.207204324,59.80972489,2.045584136
73.21794453,22.59575502,8.981442475,1,510.568145,3.117762058,80.66630893,2.195160501
75.34789945,24.20578897,8.743618552,2,585.9202195,3.186591818,76.45086538,2.168324126
76.7102464,26.50474599,5.957269615,1,702.5015602,3.277323811,35.48906127,1.784612258
64.47533595,19.9744758,2.172182375,3,398.9796834,2.994455248,4.718376269,0.775732365
59.19733895,23.30144679,1.016617706,3,542.9574225,3.148515453,1.03351156,0.016481143
69.62984,25.17530276,3.433250708,2,633.795869,3.225863465,11.78721042,1.233507541
64.25170585,24.03135236,1.190984468,2,577.5058962,3.179359326,1.418444003,0.174780249
77.48300891,22.34928712,9.056467565,2,499.4906348,3.106794424,82.01960476,2.203479151
82.13595699,26.32668166,9.452122871,2,693.0941674,3.270582937,89.34262677,2.246239359
71.91221669,23.84790342,9.324264445,1,568.7224977,3.171696307,86.94190744,2.232620083
64.21735507,22.73884782,5.91123617,2,517.0552003,3.12407482,34.94271306,1.776854975
55.68950464,22.83521141,2.877042615,1,521.4468801,3.128303705,8.277374208,1.056762897
74.67898221,25.73103472,6.785869249,3,662.086148,3.24769784,46.04802147,1.914842398
65.85726075,23.77829849,8.053364896,1,565.4074793,3.168773337,64.85668614,2.086090004
48.07447844,21.42754461,0.258904048,2,459.1396679,3.064677226,0.067031306,-1.351297756
70.9429551,25.81016442,6.43659855,3,666.1645873,3.250768384,41.42980089,1.862000225
79.984138,21.82199803,9.222643836,3,476.1995982,3.082918545,85.05715933,2.221661747
65.03011676,21.43000816,6.066314215,1,459.2452497,3.06479219,36.80016815,1.802751207
60.31041416,23.56497607,1.03756085,3,555.3080973,3.159761545,1.076532518,0.036872622
64.27453407,23.31754292,6.530113113,2,543.7078079,3.149205992,42.64237727,1.876424265
87.8584612,23.88979626,9.792763009,2,570.7223654,3.173451433,95.89820735,2.281643644
77.14153144,23.60023422,7.859560703,1,556.9710551,3.161256636,61.77269444,2.061730715
75.33204495,23.62967994,8.910181958,1,558.361774,3.162503546,79.39134252,2.187194663
76.73581384,21.62487358,5.731283184,3,467.6351572,3.073844207,32.84760694,1.745939447
49.06010329,21.59329255,0.89155701,3,466.2702833,3.072382737,0.794873902,-0.114785895
61.70905276,24.39416882,1.709523969,3,595.0754724,3.194344121,2.922472202,0.536214951
64.62470064,21.7937265,6.157238192,1,474.9665146,3.081622153,37.91158216,1.817628332
77.31383789,19.85980555,8.418808561,2,394.4118766,2.988697868,70.87633758,2.130468317
80.44642048,22.75913918,8.904459397,2,517.9784161,3.124966787,79.28939716,2.186552207
66.84263155,20.77367353,3.481386532,3,431.5455119,3.033686489,12.12005219,1.247430643
54.67246564,24.84693093,3.421092771,3,617.3699766,3.212734241,11.70387575,1.229960024
67.04879458,26.13585017,3.763737674,1,683.0826641,3.263307942,14.16572128,1.325412526
57.91762909,25.88997404,0.44207233,2,670.2907559,3.253855791,0.195427945,-0.816281768
71.53051438,24.68010404,2.98838685,3,609.1075357,3.205997415,8.930455967,1.094733727
67.88767377,24.49690515,6.574929594,1,600.0983621,3.198546789,43.22969917,1.88326387
57.21756646,21.91909542,2.451270777,2,480.4467439,3.087358194,6.008728421,0.896606574
57.10576055,19.88729211,5.393489504,1,395.5043875,2.99008094,29.08972903,1.685192579
59.24195494,26.0294326,2.400098464,2,677.5313616,3.259227921,5.760472637,0.875509763
55.39364249,24.35585086,2.322319818,1,593.2074709,3.192772102,5.393169338,0.842566608
68.62854698,20.40837894,7.392886835,1,416.5019309,3.015945549,54.65477576,2.000518299
58.28185994,20.49011564,3.423095213,3,419.8448391,3.019942606,11.71758084,1.230545175
65.35347842,23.69609606,4.244934511,2,561.5049685,3.165310311,18.01946901,1.445726392
71.00826327,23.92771339,5.952394072,1,572.5354679,3.175037343,35.43099518,1.783793504
73.82798285,24.89814218,7.715543655,3,619.917484,3.214793189,59.5296139,2.043236951
67.90192373,21.42219208,7.875256133,1,458.9103136,3.064427398,62.01965916,2.063725709
80.04067185,23.30095384,8.142430016,2,542.9344497,3.148494297,66.29916657,2.097088663
68.72513504,23.54985615,5.930620083,1,554.5957245,3.159119712,35.17225456,1.780128775
58.43450321,21.64452885,0.097323626,3,468.4856292,3.074752714,0.009471888,-2.329713505
76.25026205,25.79309056,4.314235409,3,665.2835208,3.250106648,18.61262717,1.461920115
52.90308722,23.23998239,0.222666699,1,540.0967815,3.145874174,0.049580459,-1.502079249
59.02428024,25.27103836,2.669850853,2,638.6253796,3.229659011,7.128103579,0.982022611
80.81453508,21.98865791,7.590141897,2,483.5010765,3.090526771,57.61025402,2.026850287
63.7302017,26.5935522,3.978540252,1,707.2170185,3.280668788,15.82878254,1.380914981
90.57239835,25.54948024,9.597221832,2,652.7759406,3.240616974,92.10666689,2.261473664
73.91560771,19.44041979,8.727821549,2,377.9299216,2.967354393,76.174869,2.166515803
69.8956483,24.50714195,4.828294243,2,600.6000067,3.198964583,23.3124253,1.574493247
72.77610599,21.55043829,5.344036913,3,464.4213904,3.070396155,28.55873053,1.675981344
56.94781371,20.10032248,4.700539622,1,404.0229637,3.000735859,22.09507274,1.547677315
54.85435871,20.68484653,3.128922104,3,427.8628761,3.029401381,9.790153535,1.14068857
82.63262885,22.73721448,7.782927169,2,516.9809221,3.124002986,60.57395533,2.05193251
63.48303275,23.65077391,4.768648471,2,559.3591066,3.163395838,22.74000824,1.562062925
70.9391209,25.05651989,4.801983004,2,627.8291889,3.221134069,23.05904077,1.569028959
64.19361134,21.72545584,2.458038642,3,471.9954314,3.078484653,6.041953966,0.899363732
57.69679669,23.97155568,2.537499852,1,574.6354816,3.176867947,6.438905501,0.931179286
54.81011274,24.79662484,1.418131345,2,614.8726034,3.210707549,2.011096513,0.349340051
64.67517085,21.78939047,4.373948835,1,474.7775371,3.081423176,19.13142841,1.475666225
48.97469666,19.68078569,0.837009384,2,387.3333254,2.979642814,0.700584709,-0.177919997
67.35561934,23.16050374,4.093935315,3,536.4089336,3.142448403,16.76030636,1.409506687
71.6701848,27.16812772,4.67643603,3,738.107164,3.302044511,21.86905394,1.542536288
68.02851734,22.8586133,5.670642375,1,522.5162021,3.129327996,32.15618495,1.735302405
87.89387053,26.68263231,8.062808388,3,711.962867,3.284012878,65.0088791,2.087261931
76.49232597,19.77380102,9.151611375,2,391.0032068,2.984357881,83.75199075,2.21392997
81.52674327,24.00848915,8.678474494,2,576.4075513,3.178407482,75.31591954,2.160845764
59.37756059,29.6167104,1.441039254,1,877.1495351,3.388338743,2.076594133,0.365364558
77.37827315,25.18359926,8.310081509,2,634.2136714,3.226192959,69.05745469,2.117469417
50.06262426,23.21537969,1.025362469,1,538.9538542,3.144814977,1.051368192,0.025046178
77.6946795,23.49753941,9.138247785,1,552.1343582,3.15689571,83.50757258,2.212468659
50.7818725,24.1056062,0.816054733,1,581.08025,3.182444436,0.665945327,-0.203273852
58.12980337,21.78991658,5.225862483,2,474.8004645,3.08144732,27.3096387,1.653619853
56.59226924,25.26996978,1.337372237,2,638.5713727,3.229616726,1.7885645,0.290706671
65.81663598,20.40094238,6.143492353,1,416.1984499,3.015581095,37.74249829,1.815393368
70.00689758,22.47556863,5.63601607,1,505.1511855,3.112428881,31.76467714,1.729177445
73.91296594,26.98719879,2.885335991,3,728.3088988,3.295362635,8.325163782,1.059641355
59.35462674,21.91940279,1.902761408,1,480.4602185,3.087372217,3.620500976,0.643306204
70.75552986,25.15367807,3.365872647,3,632.7075204,3.225004131,11.32909867,1.21368726
65.79764125,20.13233618,5.487411998,3,405.3109602,3.002327288,30.11169043,1.702456741
84.93030482,20.9824043,9.649070234,3,440.26129,3.043684196,93.10455637,2.266861562
63.27568134,23.59881844,3.157182091,1,556.9042317,3.161196645,9.967798758,1.149679887
69.80923171,22.68840855,7.35333255,3,514.7638826,3.121854158,54.07149959,1.995153619
48.13130868,19.1839254,2.185366156,1,368.0229936,2.954072709,4.775825236,0.781783392
65.25569481,22.12387849,5.730876308,1,489.4659992,3.0966575,32.84294326,1.745868452
47.60172114,21.35490744,1.574814173,1,456.0320717,3.06128157,2.480039679,0.45413728
69.98256623,20.41204271,8.860194462,1,416.6514875,3.016125056,78.5030459,2.181568713
79.67724728,23.70974282,7.890473222,2,562.1519047,3.165886053,62.25956767,2.065656111
64.84329395,23.21649954,4.700514146,2,539.0058507,3.144863213,22.09483323,1.547671895
63.67658112,18.29543087,4.681477137,3,334.7227908,2.90665135,21.91622818,1.543613688
65.81806616,22.47895994,6.77642494,1,505.30364,3.112579758,45.91993496,1.913449668
57.79102306,23.62422456,0.560462561,3,558.1039858,3.16227265,0.314118282,-0.578992834
76.2936241,23.8090495,5.094555714,3,566.8708382,3.17006574,25.95449792,1.628172463
79.3784851,25.1312741,7.147292146,3,631.5809381,3.224113051,51.08378501,1.966733564
73.29834059,22.8341982,7.514436033,1,521.4006073,3.128259333,56.4667489,2.016825975
61.96039043,24.35084581,2.358475775,2,592.9636917,3.192566585,5.562407979,0.858015552
65.67268883,24.11158519,1.762523996,3,581.3685402,3.182692438,3.106490835,0.56674687
79.06097984,24.67906283,6.79802649,3,609.0561421,3.205955225,46.21316415,1.916632348
65.81726219,22.6475657,4.074546308,2,512.9122321,3.120052371,16.60192762,1.404759405
54.5813286,20.33209097,2.793704264,2,413.3939231,3.012200474,7.804783517,1.027368409
68.12454396,23.40226527,3.718677436,1,547.66602,3.152832824,13.82856187,1.313368077
71.77901738,18.64916242,9.677720396,2,347.7912591,2.925801235,93.65827206,2.269826377
78.85411216,22.37720913,9.002949784,1,500.7394885,3.108042991,81.05310481,2.197552277
66.97531778,21.28031671,3.775538325,2,452.8518794,3.057782547,14.25468964,1.328542975
57.18642871,23.16682669,1.485347366,1,536.701859,3.142721371,2.206256798,0.395648661
62.80455065,23.3868579,2.747708953,2,546.9451223,3.152174236,7.549904488,1.010767456
76.07639892,24.16426599,7.822371062,2,583.9117508,3.18487493,61.18948904,2.056987714
72.06566506,25.46828283,6.356351469,1,648.6334305,3.237433868,40.40320399,1.849454544
63.12901297,27.28272501,0.333860912,1,744.3470839,3.306253718,0.111463109,-1.097030803
74.03786516,22.65992405,5.343411395,3,513.472158,3.120597904,28.55204533,1.675864287
83.43809635,22.43058501,8.494957585,3,503.1311441,3.11042543,72.16430438,2.139472762
46.17828539,25.29667375,1.418201837,1,639.921703,3.230672915,2.011296451,0.349389757
64.43122983,22.76105766,9.39173776,1,518.0657458,3.125051078,88.20473814,2.239830341
60.038748,22.6814278,1.152527558,3,514.4471671,3.121546431,1.328319772,0.141957407
56.52098691,23.97966487,2.617423849,2,575.0243272,3.177206174,6.850907604,0.96219057
67.0701936,24.85080419,5.312820028,1,617.5624687,3.212890114,28.22605665,1.670122773
69.56989046,20.77109595,6.378555247,1,431.4384269,3.033562402,40.68596703,1.852941621
56.17689446,22.64884584,4.893718732,1,512.970218,3.120108894,23.94848303,1.587952491
55.01060805,24.18565627,0.287597019,2,584.9459693,3.185759741,0.082712045,-1.246195019
85.75361749,24.41593435,8.601016689,3,596.13785,3.195235966,73.97748808,2.151880416
42.26441471,19.69210602,1.497776038,1,387.7790395,2.980217846,2.24333306,0.403981367
74.23240116,26.18411166,8.972392844,1,685.6077035,3.265152802,80.50383334,2.194152401
56.83304194,25.72068762,5.210386356,1,661.5537716,3.247295634,27.14812598,1.65065401
76.75088232,23.14483609,9.670262625,1,535.6834375,3.141771692,93.51397925,2.269055468
64.23572707,22.24884634,6.109550286,1,495.0111636,3.102290158,37.32660469,1.809853167
63.85628579,24.07726831,3.422825236,2,579.714849,3.181268172,11.7157326,1.230466303
65.90313016,23.51149243,2.441095635,3,552.7902761,3.157489341,5.958947901,0.892446969
95.56400406,25.62492098,7.629173514,3,656.6365751,3.243565354,58.20428851,2.031979519
70.58216497,20.78304375,6.856534798,1,431.9349077,3.03413745,47.01206943,1.925202183
79.07163971,21.74795651,8.772227159,3,472.9736123,3.0795198,76.95196933,2.171590726
65.50574658,25.7307024,3.877686653,2,662.0690457,3.247684925,15.03645378,1.355238752
59.27051478,26.57527106,0.090057377,1,706.2450318,3.279981124,0.008110331,-2.407308287
80.06475246,25.23684119,8.271096053,1,636.8981535,3.228304879,68.41102992,2.112767034
70.06443558,21.83787718,6.006433198,3,476.8928795,3.083645947,36.07723976,1.792831094
61.13609488,22.14232414,1.946433529,3,490.2825185,3.097490897,3.788603482,0.665998738
68.4234586,23.25197909,3.613708939,3,540.6545316,3.146390251,13.0588923,1.284734652
54.22375916,23.11333843,3.119062753,1,534.2264133,3.140409872,9.72855246,1.137532557
81.79625182,24.35629772,9.499360686,2,593.2292388,3.192790449,90.23785345,2.2512245
74.26140614,23.31097313,5.285340196,2,543.4014682,3.148924199,27.93482099,1.664936987
74.73761263,20.28958726,9.083984459,2,411.6673513,3.010107812,82.51877366,2.206512913
78.16549304,25.74197974,7.849487965,1,662.6495207,3.248123112,61.61446131,2.060448302
80.16572032,23.76735231,9.120322224,2,564.8870357,3.168312887,83.18027747,2.210505135
48.24259352,22.02798473,3.917169864,1,485.2321113,3.092313678,15.34421975,1.36536942
81.13093372,17.75140235,9.467212954,3,315.1122854,2.876464518,89.62812111,2.247834561
70.26646632,25.35878423,5.433366499,1,643.0679374,3.233125188,29.52147151,1.692558923
60.28540572,21.7738591,2.809942977,2,474.1009402,3.080710126,7.895779534,1.03316419
68.20190474,22.40845987,4.64233919,1,502.1390737,3.10943856,21.55131316,1.535218375
59.67244577,21.01416292,5.933627868,1,441.5950433,3.045196635,35.20793968,1.780635808
50.15902816,22.35556064,0.312905908,3,499.7710913,3.107075088,0.097910107,-1.161852748
47.16408095,21.87498122,2.895606779,1,478.5148036,3.085343574,8.384538621,1.063194685
70.32846342,22.93605416,1.892735264,3,526.0625802,3.13271009,3.582446781,0.638023013
57.47776247,22.78323221,4.381248208,1,519.0756697,3.126024836,19.19533586,1.477333663
54.13699114,25.10234922,1.77109078,1,630.1279362,3.222961436,3.136762552,0.571595617
81.51789473,25.8534328,7.085402757,1,668.3999877,3.252443389,50.20293223,1.958036718
60.5249226,21.62113,1.858380286,3,467.4732626,3.073671077,3.453577286,0.619705294
70.91807632,22.54342627,4.323645369,1,508.2060681,3.115443506,18.69390928,1.464098882
51.93693667,21.67098066,2.444252558,3,469.6314028,3.075974069,5.974370568,0.893739374
82.36727961,25.1647417,8.49792327,2,633.2642247,3.225443876,72.21469991,2.139821813
64.59947838,23.36301961,5.066936701,1,545.8306854,3.151154414,25.67384753,1.622736434
80.84011705,24.98776133,6.931973789,3,624.3882163,3.218386158,48.05226061,1.936144591
44.7963163,24.33350239,0.319866266,2,592.1193388,3.1918541,0.102314428,-1.13985229
74.71642403,23.40008162,8.915086787,1,547.56382,3.152739511,79.47877241,2.187744986
53.88125143,21.27870713,2.100671604,1,452.7833769,3.057706907,4.412821189,0.742257105
83.74675071,21.68396165,9.859844069,3,470.1941927,3.076572893,97.21652506,2.288470354
70.6938764,22.11550326,9.903796213,1,489.0954843,3.096278867,98.08517942,2.292918139
78.8822953,24.81206618,5.890633054,2,615.6386281,3.211330074,34.69955778,1.773363471
74.28307048,24.47907244,6.26495573,1,599.2249876,3.197818566,39.2496703,1.834971522
80.79746749,24.78578818,9.198601316,3,614.3352957,3.210270432,84.61426617,2.219051442
75.2161434,25.64131587,7.291700195,2,657.4770793,3.244204952,53.16889173,1.986736742
84.91894886,20.70775757,8.491480371,3,428.8112235,3.030508392,72.1052389,2.139063352
91.03304247,29.07638643,9.660188297,1,845.4362481,3.369926382,93.31923794,2.268013141
71.81178796,25.63003009,2.540551303,2,656.8984424,3.243764714,6.454400923,0.932381106
66.43036726,18.85920165,4.20009936,3,355.669487,2.937000946,17.64083463,1.435108182
61.43750819,24.0126807,3.250722622,1,576.6088345,3.178582053,10.56719757,1.178877317
48.03437665,19.83997331,0.940316173,1,393.6245411,2.987698757,0.884194505,-0.061539106
56.22537362,24.70281963,0.706839252,1,610.2292976,3.206917392,0.499621728,-0.346952006
73.82165363,22.27932701,9.296603771,1,496.368412,3.103659209,86.42684167,2.229649148
73.95312008,23.76671767,7.45093673,2,564.8568689,3.168286185,55.51645815,2.00833976
80.00289233,20.54931095,9.530036338,2,422.2741804,3.02282741,90.8215926,2.254448531
50.6404915,17.40861202,0.61274406,2,303.0597725,2.856965027,0.375455283,-0.48980795
52.36145766,26.31191424,1.71590759,1,692.3168309,3.270021849,2.944338856,0.539942147
58.97725013,22.51001851,1.707822396,2,506.7009334,3.113960477,2.916657338,0.535219107
57.45113406,24.94575207,2.268480072,2,622.2905462,3.21670355,5.146001836,0.819110035
71.3764751,22.59058365,7.323876391,3,510.3344698,3.117533167,53.63916539,1.991139749
47.08956612,21.19149337,0.925404197,1,449.0793915,3.053599845,0.856372927,-0.077524668
66.57173786,17.6865851,8.219479064,2,312.8152925,2.872806448,67.55983608,2.106506833
58.2320364,18.71957265,3.622518261,2,350.4224003,2.929569642,13.12263855,1.287169436
76.26846608,22.87251563,6.337755602,2,523.1519712,3.129935999,40.16714607,1.8465247
83.32661157,26.30999403,8.189077363,3,692.215786,3.269948868,67.06098806,2.102801237
65.6758891,23.19704064,7.176275682,1,538.1026943,3.144024712,51.49893266,1.970780541
56.248815,22.90187719,2.227204912,1,524.4959788,3.131218881,4.960441722,0.800747397
67.21126568,19.56237953,3.10102588,2,382.6866928,2.97360831,9.61636151,1.131732986
81.93484424,24.4585561,9.384231148,2,598.2209664,3.196980097,88.06379424,2.239030743
71.84069005,23.63009822,5.739764399,1,558.3815419,3.162521248,32.94489535,1.747418164
59.30066139,27.24547749,3.688622471,2,742.3160438,3.304887544,13.60593573,1.305253074
76.65555993,24.16914053,2.622807215,3,584.1473541,3.185076635,6.879117684,0.9642452
84.49260289,22.10301716,9.937015011,2,488.5433677,3.095714122,98.74426732,2.296266675
64.8116044,25.40848096,6.329284469,1,645.5909049,3.235083015,40.05984189,1.845187192
63.17894422,25.07834484,2.392928349,3,628.9233799,3.222004718,5.726106083,0.872517867
62.08216718,19.84816235,5.480936025,1,393.9495485,2.988111426,30.04065971,1.701275894
56.75093359,21.59481334,0.194464275,3,466.3359632,3.072453163,0.037816354,-1.637506811
77.31890398,20.42174266,8.698987055,3,417.0475733,3.01660015,75.67237578,2.163206588
63.39847504,18.32818394,3.302114715,1,335.9223264,2.908439981,10.90396159,1.194563086
62.82874561,19.38737365,6.970797759,1,375.8702569,2.964622011,48.59202139,1.941729674
71.42369561,19.83463784,7.675560457,2,393.4128582,2.987429795,58.91422832,2.038041314
72.96998024,23.8970999,7.892709873,1,571.0713837,3.173757109,62.29486913,2.065939533
69.15032134,21.87692402,3.534862082,3,478.5998045,3.085432384,12.49524994,1.262674284
84.97824803,25.8759341,7.158024858,2,669.5639653,3.253313351,51.23731987,1.968234085
53.05910308,23.42618866,4.677426086,2,548.7863152,3.15385457,21.87831479,1.542747977
62.70642916,22.25343922,5.344578007,2,495.215557,3.102496568,28.56451407,1.67608259
57.8352645,20.72781502,0.988290634,1,429.6423153,3.031476519,0.976718376,-0.011778461
61.79096838,21.69501466,3.325330596,1,470.6736609,3.077082495,11.05782358,1.201569097
85.1319371,25.82339585,7.915595649,2,666.8477732,3.251280897,62.65665448,2.068834946
73.37865281,23.83895521,6.129714788,3,568.2957853,3.171321016,37.57340339,1.813148222
73.96207679,25.64783345,4.945142237,3,657.8113604,3.244459102,24.45443174,1.598405728
61.01665903,25.97422644,2.046090374,1,674.6604392,3.257104756,4.186485818,0.715930838
84.80509742,26.29720381,8.980487213,2,691.5429283,3.269462615,80.64915057,2.195054136
61.03723437,21.22736,3.491412411,3,450.6008126,3.055290916,12.18996062,1.250306356
76.32467492,23.04533526,8.782874418,2,531.0874772,3.137463374,77.13888304,2.172803737
74.34819379,24.69290601,9.433707369,1,609.7396072,3.206515996,88.99483472,2.244289166
87.24856668,25.54153098,9.2662516,2,652.3698046,3.240305793,85.86341872,2.22637894
67.84976633,25.38930031,5.382804826,2,644.6165704,3.234327838,28.9745878,1.683209582
71.85133538,26.96452509,6.096973757,1,727.0856133,3.294522117,37.17308899,1.807792543
39.29895404,19.0526342,0.510426303,1,363.0028699,2.94720537,0.260535011,-0.672509013
66.8394338,19.92097635,5.135045706,2,396.8452985,2.991773264,26.3686944,1.636088744
63.87341512,23.24007086,4.280969321,1,540.1008934,3.145877981,18.32669833,1.454179461
91.57334284,22.89792736,8.981739394,3,524.3150775,3.131046398,80.67164255,2.19519356
43.2268809,24.64683579,0.535600102,1,607.4665144,3.204648527,0.286867469,-0.624367476
70.09636954,20.85433763,8.659040835,3,434.9033981,3.037561967,74.97898818,2.158603958
76.04465947,24.93251676,5.683450231,2,621.6303919,3.216172845,32.30160653,1.737558483
66.02125001,18.49557909,5.002463032,1,342.0864457,2.917531735,25.02463638,1.609930397
78.10693427,23.84442744,6.560446688,2,568.5567198,3.17155054,43.03946074,1.881058693
83.81473751,23.2856612,9.038590158,2,542.2220177,3.147837772,81.69611204,2.201503206
74.5945012,23.95558365,9.833234227,1,573.8699879,3.176201434,96.69249537,2.285767896
69.72714938,26.99248132,4.805501529,1,728.5940479,3.295558358,23.09284495,1.569761414
61.11130214,23.47050377,3.542277778,2,550.8645472,3.155744474,12.54773186,1.26476996
72.80480936,26.76090173,6.462441082,1,716.1458616,3.286941932,41.76314474,1.866007123
66.06267272,23.67270482,3.763458419,3,560.3969533,3.164322689,14.16361927,1.325338327
81.19619681,23.41157372,7.887278849,3,548.101784,3.153230503,62.20916764,2.065251189
66.84469377,21.6740101,6.020422485,1,469.7627137,3.076113851,36.24548689,1.795157437
68.21378484,23.76672134,4.70747953,2,564.8570433,3.168286339,22.16036353,1.549152633
86.20447304,23.78481751,7.931449206,2,565.717544,3.169047457,62.90788651,2.070835769
72.16398267,22.43577347,9.136450607,1,503.3639314,3.110656715,83.4747297,2.212271974
55.05701507,20.69031259,4.38737788,1,428.089035,3.0296656,19.24908466,1.478731755
52.46935192,21.00053818,1.00223728,3,441.0226039,3.044548065,1.004479565,0.002234781
77.29558729,21.21635053,6.727726001,3,450.1335297,3.054772136,45.26229714,1.906237197
58.6278854,24.15277576,4.176715103,3,583.3565769,3.184399312,17.44494905,1.429525077
44.24496227,19.95772502,0.370309709,3,398.3107878,2.993616287,0.137129281,-0.993415572
69.76024277,24.61227741,5.901222986,2,605.7641994,3.2032454,34.82443273,1.775159615
65.73911984,24.25136476,1.683051637,3,588.1286929,3.188472895,2.832662814,0.520608596
84.36256865,20.81151604,7.707870468,2,433.1192001,3.035506489,59.41126714,2.042241945
91.38962761,22.84150956,8.867168401,3,521.7345589,3.128579475,78.62667545,2.182355512
78.12069845,24.37553069,6.233453765,3,594.1664964,3.193579789,38.85594584,1.829930556
71.14914002,21.44669187,3.737168708,3,459.9605922,3.065570408,13.96642995,1.318328295
74.04033202,25.03348539,6.081636087,2,626.6753907,3.220214344,36.9862975,1.805273753
72.06324569,22.98868477,4.879885358,1,528.4796275,3.135002128,23.81328111,1.585121727
62.29525112,23.02731448,3.736621626,1,530.2572123,3.136681098,13.96234117,1.318181895
80.75938904,23.46432637,7.687391965,3,550.5746118,3.155481241,59.09599522,2.03958158
56.89706082,26.09211937,1.457099072,2,680.7986934,3.261633329,2.123137705,0.376447522
77.00769678,20.25793216,8.986430205,3,410.3838153,3.008546428,80.75592784,2.195715685
87.23445125,25.09368359,6.253395726,3,629.6929563,3.222616165,39.1049581,1.833124632
62.97455157,24.29347728,5.723946099,3,590.1730384,3.19020789,32.76355895,1.744658445
48.47624431,20.8511235,3.372047571,2,434.7693513,3.037407832,11.37070482,1.215520148
69.93388357,22.35600131,3.110476993,3,499.7907946,3.1070948,9.675067124,1.134776088
73.8424171,22.1895483,9.565957955,1,492.3760536,3.099621381,91.50755159,2.25821075
84.42270549,24.52456687,7.616291454,3,601.4543803,3.199675345,58.00789551,2.030289565
62.72520659,23.96888655,4.013787361,2,574.5075226,3.176756596,16.11048898,1.389735275
59.7296625,22.86476759,0.740243348,1,522.7975969,3.129597193,0.547960214,-0.300776298
56.3294232,21.14658031,2.112040794,3,447.1778587,3.051478205,4.460716317,0.747654681
79.69044715,25.52383896,3.75294016,3,651.4663551,3.239612876,14.08455984,1.322539575
64.17471594,25.81740962,0.595399323,3,666.5386392,3.251049056,0.354500354,-0.518522968
62.80131235,23.54359093,3.433678888,2,554.300674,3.158853636,11.79015071,1.233632249
56.95608694,18.62491309,1.010188027,3,346.8873877,2.924500098,1.02047985,0.010136479
89.06224225,26.99430663,6.958079815,3,728.6925907,3.295625978,48.41487472,1.939903548
60.97553873,21.48906016,5.66126039,2,461.7797067,3.067543976,32.04986921,1.733646551
73.66734983,22.07474901,5.787149365,3,487.2945438,3.094434376,33.49109777,1.755639833
61.72787837,25.74745392,1.343102856,2,662.9313832,3.248335745,1.803925281,0.294982501
53.09265287,20.70343809,0.583936509,1,428.6323489,3.030299778,0.340981847,-0.537963019
67.2901404,22.95938507,1.686841568,1,527.1333629,3.133726788,2.845434477,0.522857886
71.98557035,21.61639385,9.31711575,2,467.2684829,3.073452001,86.8086459,2.231853112
55.66190691,19.62118873,2.934413501,1,384.9910473,2.97661004,8.610782595,1.076507604
45.57128809,20.37451289,2.061915596,1,415.1207756,3.014284752,4.251495923,0.723635451
55.07261023,22.50895579,0.429896393,3,506.6530907,3.113913265,0.184810909,-0.844211045
75.72817328,24.30267865,5.525501051,2,590.6201895,3.190586577,30.53116187,1.709373931
79.46782081,24.4846922,5.692216395,3,599.5001522,3.198048114,32.40132749,1.739099697
70.11062165,20.55072385,5.806833706,3,422.3322507,3.022896164,33.71931769,1.759035449
59.24726301,20.19066623,3.92427189,1,407.6630027,3.00522043,15.39990987,1.367180828
74.42638741,24.81028557,5.607984357,2,615.5502702,3.211258308,31.44948855,1.72419136
67.481402,23.64511806,0.167739748,3,559.0916082,3.163156669,0.028136623,-1.785341622
60.00807821,24.19183687,0.719129548,3,585.244971,3.186015257,0.517147307,-0.32971376
50.77111907,20.97250102,1.434438857,2,439.845799,3.043212104,2.057614835,0.360773732
77.51423639,22.36377816,8.733854098,2,500.1385737,3.107442604,76.28020741,2.16720675
66.32087588,21.45331953,1.349119907,3,460.244919,3.06587939,1.820124524,0.299452459
62.47549276,17.58629469,5.078727975,2,309.2777609,2.867119888,25.79347785,1.625060832
60.18360509,25.65657449,3.463085075,1,658.2598145,3.244799854,11.99295824,1.242159832
71.730462,18.75944308,6.374195898,2,351.9167045,2.931697256,40.63037335,1.852257949
89.63576047,29.02748412,9.535988576,2,842.5948342,3.368243109,90.93507813,2.255072912
82.72719625,22.69870802,5.577489976,3,515.231346,3.122308008,31.10839443,1.71873885
70.51580008,21.29906088,5.797396055,3,453.6499943,3.058662982,33.60980102,1.757408861
82.06573931,21.46388106,9.075596055,2,460.6981902,3.066371572,82.36644376,2.205589059
65.37881799,23.65629156,2.325441644,2,559.6201305,3.163629108,5.40767884,0.843909975
72.2827081,18.11532271,6.101652656,3,328.1649169,2.896758139,37.23016514,1.808559662
66.15324503,22.86831893,3.510969083,2,522.9600106,3.1297525,12.3269039,1.255892091
78.85725281,22.11919866,5.245554664,3,489.2589493,3.096445949,27.51584373,1.657380987
68.12768978,23.25175015,4.654942537,1,540.643885,3.146380404,21.66849002,1.537929566
57.41306822,19.41532719,3.126458125,2,376.9549299,2.966062816,9.774740409,1.139900774
66.76491398,23.55351642,3.674057424,3,554.7681358,3.159275127,13.49869796,1.301296617
51.55333289,19.95359648,1.878094787,1,398.1460123,2.993409402,3.52724003,0.630257852
62.04333531,25.2728672,5.210408519,1,638.7178163,3.229731377,27.14835694,1.650658263
87.06679026,22.69206498,9.318165234,3,514.9298131,3.122015303,86.82820333,2.231965746
74.17602013,22.556215,7.116215718,3,508.7828352,3.116010638,50.64052614,1.962376084
78.89519626,23.55754758,6.71835324,3,554.958048,3.159446261,45.13627026,1.904843071
64.51300848,19.91836453,6.23648816,1,396.7412454,2.991642147,38.89378457,1.830417229
61.38305382,24.70124776,2.586491483,1,610.1516408,3.206853759,6.689938191,0.950302318
48.84047531,21.57616882,0.265551126,1,465.531061,3.07158941,0.0705174,-1.325947893
61.88996214,26.30155573,2.544042638,1,691.7718337,3.269628091,6.472152944,0.933754406
76.50963252,22.47533511,8.417108676,2,505.1406884,3.112418491,70.84771846,2.130266382
78.71529682,20.84884245,8.125592009,2,434.6742314,3.037298429,66.0252455,2.095018588
74.82700996,25.43333384,3.899845907,3,646.8544702,3.23606067,15.2087981,1.360937041
56.15030884,22.83630551,5.05385448,1,521.4968493,3.128351616,25.5414451,1.620151216
55.75362596,22.10818268,2.869363567,2,488.7717412,3.095947797,8.233247279,1.054090251
74.42535307,21.18145257,7.502755295,2,448.6539332,3.05312592,56.29133701,2.015270326
78.55464217,22.22468557,7.097317257,3,493.9366487,3.101203634,50.37191225,1.959716862
92.88571348,25.58677341,7.645825155,3,654.6829735,3.242075554,58.45864229,2.034159767
73.7975484,23.16568371,3.81889964,3,536.6489018,3.142672033,14.58399446,1.339962329
47.55473952,22.98200007,1.240782719,2,528.1723272,3.134711304,1.539541756,0.215742406
72.89780441,21.47179033,6.816435999,2,461.0377799,3.066739996,46.46379973,1.919336754
75.86090243,25.23021898,4.45793526,3,636.56395,3.228042442,19.87318678,1.494685713
56.30466294,22.46871321,2.823598015,3,504.8430734,3.112123818,7.972705748,1.038011963
68.97487956,22.33015928,4.452111493,2,498.6360135,3.105938199,19.82129674,1.493378476
57.81541325,23.40980108,3.196231537,1,548.0187864,3.153154784,10.21589604,1.161972471
68.72990003,20.52561538,5.010967462,2,421.3008866,3.021673637,25.1097949,1.611629003
80.77289537,18.68149084,7.541306564,3,348.9981,2.927533239,56.87130469,2.020395451
71.07619234,23.31470277,8.131095683,2,543.5753652,3.149084182,66.11471701,2.095695685
55.79031828,23.62187864,0.036366652,2,557.9931503,3.162173343,0.001322533,-3.314103085
68.99794148,23.65669948,6.509708224,2,559.6394302,3.163646351,42.37630117,1.873294636
59.77901204,21.76454595,2.249682681,2,473.6954604,3.080282313,5.061072164,0.810789175
62.94485489,22.07985618,0.54000872,3,487.520049,3.094665708,0.291609417,-0.616169992
80.61036578,24.53360122,8.872307001,2,601.8975886,3.200043656,78.71783152,2.182934853
64.28977298,24.50354402,2.458050961,3,600.4236697,3.198817761,6.042014528,0.899368744
61.00485928,21.53377331,2.989065393,1,463.7033929,3.069622554,8.934511926,1.094960761
55.38010908,22.79939047,1.024256523,1,519.8122059,3.126733802,1.049101425,0.023967006
87.97187034,24.48878645,7.565885889,3,599.7006619,3.198215317,57.24262929,2.023649444
77.9514109,24.89030711,8.24104199,3,619.527388,3.214478455,67.91477307,2.109126791
69.72479309,22.20793474,8.073481261,1,493.1923656,3.100449646,65.18109967,2.088584772
75.44168382,25.14812225,6.235059954,3,632.4280526,3.224783232,38.87597263,1.830188195
77.08812,24.71615285,8.369604151,2,610.8882115,3.207456991,70.05027365,2.12460659
64.4248091,23.41160433,4.923779657,1,548.1032175,3.153231811,24.24360611,1.594076459
53.39380545,21.10579065,2.588988827,2,445.4543989,3.049547441,6.702863144,0.951267385
77.40671185,24.09454019,7.340720952,1,580.5468667,3.181985267,53.8861841,1.99343706
54.58178823,20.92813161,1.501767545,2,437.9866925,3.041094264,2.255305758,0.406642777
64.51740792,19.94667238,5.758914798,3,397.8697392,2.993062332,33.16509966,1.750749054
82.84236059,22.73350214,9.400705711,3,516.8121194,3.123839702,88.37326787,2.240784762
46.946204,19.56455793,2.650584613,1,382.7719268,2.97371966,7.025598793,0.974780225
63.78262185,22.08961432,4.618455155,1,487.951061,3.095107558,21.33012802,1.530060267
84.06655948,25.8501106,7.11559627,3,668.2282179,3.252314879,50.63171027,1.962289033
54.4448824,22.353181,1.240110088,3,499.6647009,3.106968638,1.53787303,0.215200156
52.41216022,22.75067335,0.090307472,3,517.5931377,3.124594743,0.00815544,-2.404535073
44.72297454,25.41444318,0.472870783,1,645.8939219,3.235317641,0.223606778,-0.748933113
74.69167471,22.98507317,9.55712931,1,528.3135888,3.134845013,91.33872065,2.257287401
80.21676573,24.42093363,8.646451784,2,596.3819994,3.1954407,74.76112846,2.157149038
57.77387311,21.16615894,4.023914977,1,448.0062844,3.05240363,16.19189175,1.392255304
66.06264988,22.471787,6.143594831,2,504.981211,3.112260611,37.74375745,1.815410048
85.4589368,23.83730638,8.521198602,3,568.2171753,3.171251848,72.61082562,2.142557012
72.43620439,22.428397,5.612682274,3,503.032992,3.110327879,31.50220231,1.725028729
77.24811047,24.38243259,6.347105282,2,594.5030189,3.193862897,40.28574546,1.847998848
51.31246699,24.21578403,3.771519305,1,586.404196,3.187004653,14.22435787,1.327477919
71.52187358,22.38037148,5.286838643,3,500.8810276,3.108184302,27.95066283,1.665220457
66.83929136,22.32460161,1.072093206,3,498.3878371,3.105689282,1.149383843,0.069613005
76.7450492,22.65904671,8.209931594,1,513.4323979,3.120559186,67.40297678,2.105344591
62.64329225,28.77894616,1.578395444,3,828.227742,3.359644084,2.491332176,0.456408789
55.61966072,26.41715774,0.261278609,3,697.8662232,3.274013714,0.068266511,-1.342167974
74.1603418,22.83796807,7.65529955,2,521.5727854,3.128424417,58.60361121,2.03539816
67.74735203,22.2082919,5.720436892,3,493.2082289,3.100465728,32.72339824,1.744045182
65.19591037,23.29036967,3.81218821,2,542.4413196,3.148039956,14.53277895,1.338203358
58.81878326,26.26180432,0.344017425,2,689.6823664,3.268115577,0.118347989,-1.067062969
70.81195323,22.82054255,4.462887114,3,520.7771623,3.127661119,19.91736139,1.495795892
61.41252737,21.2339395,6.661239062,1,450.8801867,3.055600821,44.37210583,1.896305513
55.18897516,17.78057886,6.488930224,1,316.1489845,2.878106786,42.10621546,1.870097683
59.57353259,21.88807969,2.385500534,1,479.0880326,3.085942182,5.6906128,0.86940897
70.33027247,23.66722388,6.579446103,2,560.1374861,3.164091132,43.28911103,1.883950563
58.07956669,21.27784866,2.866641378,2,452.7468437,3.057666563,8.217632793,1.053141093
54.72049167,22.58785244,2.938692931,1,510.2110777,3.117412259,8.63591614,1.077964901
70.32849818,24.78133921,3.466858123,3,614.1147729,3.210090919,12.01910525,1.243248744
72.39069165,24.88957229,9.183607094,1,619.4908089,3.214448932,84.33863927,2.217420057
72.93731023,22.52047392,5.562910724,2,507.1717454,3.114424847,30.94597572,1.716121483
70.11374982,24.47620756,8.444483937,1,599.0847363,3.197701526,71.30930896,2.13351344
87.9039546,24.60538708,9.494245911,2,605.4250732,3.202965406,90.14070543,2.250685922
50.88902893,21.73427128,3.971732887,1,472.3785481,3.078890336,15.77466213,1.379202495
65.60314189,24.78258489,0.943250814,1,614.1765138,3.210141184,0.889722099,-0.058423057
77.38872976,24.85327418,4.912744944,3,617.6852372,3.212989501,24.13506289,1.591832837
65.84805953,24.98867228,5.279965978,3,624.4337421,3.218422613,27.87804073,1.663919654
64.36222588,23.47052592,4.662888658,2,550.8655868,3.155745418,21.74253063,1.53963514
78.42183647,23.44824602,5.981231802,3,549.8202414,3.154795695,35.77513387,1.788626534
80.15427656,21.70381063,7.39688487,3,471.0553957,3.07748785,54.71390578,2.001058948
52.4816881,21.78820767,1.042108028,1,474.7259934,3.081368891,1.085989142,0.041245612
54.62095059,23.31656663,2.347260676,1,543.6622795,3.149164122,5.509632683,0.853248979
57.80976282,21.25804719,1.556225175,2,451.9045703,3.056735515,2.421836794,0.442263129
78.21417452,22.88309726,6.596232567,3,523.63614,3.130398527,43.51028407,1.886498663
68.8394302,21.9676844,4.557797997,2,482.579158,3.089572483,20.77352258,1.516839612
67.66039887,22.19046011,6.327256965,3,492.4165201,3.099662472,40.03418071,1.844866803
69.59022896,25.08285557,4.295408288,1,629.1496435,3.222184568,18.45053236,1.457546612
75.55279087,23.25878724,3.367982369,3,540.9711837,3.146683006,11.34330524,1.214313862
63.37817683,21.42089225,1.240569274,1,458.8546247,3.064366719,1.539012123,0.215570366
67.64203681,23.67797088,7.754611378,1,560.6463052,3.164545117,60.13399762,2.048287683
86.8933561,25.31691514,6.992752375,3,640.9461924,3.231472755,48.89858578,1.944874238
48.08784407,22.71644281,2.979874243,1,516.0367739,3.123089015,8.879650504,1.091881099
69.1870901,18.58897704,8.248599949,3,345.5500673,2.922568773,68.03940112,2.110043483
73.61192268,23.62366947,6.991789343,2,558.0777595,3.162249153,48.88511822,1.94473651
45.05661744,21.26861793,0.680723574,1,452.3541087,3.05723265,0.463384585,-0.384598966
47.05569394,22.74515729,0.793543849,2,517.3421802,3.124352256,0.629711841,-0.23124648
73.39252235,20.8657512,9.109766381,1,435.3795732,3.038109116,82.98784351,2.209347067
82.02694131,25.61005568,7.858517207,3,655.8749518,3.242985074,61.7562927,2.061597938
47.60004207,21.66019634,0.388813575,3,469.1641053,3.075476306,0.151175996,-0.944655291
62.69564702,24.77409906,5.448488551,2,613.7559844,3.209798715,29.68602749,1.69533824
77.23869222,25.56758355,6.410820817,1,653.7013284,3.241325281,41.09862355,1.857987315
66.97580783,22.74791532,2.767277281,3,517.4676515,3.124473507,7.657823549,1.017863906
79.92544265,21.62448558,6.083478455,3,467.6183767,3.073826264,37.00871011,1.805576647
41.96455973,21.0526363,0.63160327,1,443.213495,3.047025792,0.398922691,-0.459493819
54.55866989,20.18563924,1.416602847,1,407.4600314,3.004971423,2.006763627,0.348261644
88.20386337,25.95132396,8.505398235,3,673.4712151,3.256222628,72.34179914,2.140701048
52.5289991,21.9411613,3.596020478,2,481.4145593,3.088364384,12.93136328,1.279827811
77.70855144,20.55613959,6.080501508,3,422.5548747,3.02315966,36.97249859,1.805087177
64.56810348,25.32471771,2.706990694,2,641.3413269,3.231780903,7.327798616,0.995837573
83.34632408,22.87657852,9.790168335,2,523.3378449,3.130113615,95.84739602,2.281378651
57.33164392,23.10939371,2.482092748,1,534.0440776,3.140239189,6.160784412,0.909102054
61.42893447,24.44411816,4.19193028,1,597.5149124,3.196389621,17.57227947,1.433161315
69.6070365,25.44186493,1.925960041,2,647.2884913,3.236396043,3.70932208,0.655424566
63.48837202,20.59157935,3.416959157,2,424.0131402,3.024882223,11.67560988,1.22875102
72.07103699,23.3089924,4.420802623,1,543.3091266,3.148839226,19.54349584,1.486321269
51.9051264,23.1425951,4.596728787,2,535.5797078,3.141674863,21.12991554,1.525344917
64.3903896,24.55162594,9.035891206,1,602.7823362,3.200778082,81.64732989,2.201204558
42.51984398,23.54763729,0.515072888,1,554.4912219,3.159025488,0.26530008,-0.663446858
74.24229939,21.51498628,8.277876202,1,462.8946345,3.068749728,68.52323442,2.113586438
91.25932826,26.05409482,7.611721971,3,678.8158568,3.260174947,57.93831136,2.029689424
47.03843096,23.10067197,0.917139899,1,533.6410453,3.139861707,0.841145593,-0.086495257
58.68209147,21.73191102,3.000983498,2,472.2759568,3.078781734,9.005901956,1.098940068
46.42325953,20.99541562,0.964187526,1,440.8074769,3.04430411,0.929657585,-0.036469475
66.3385278,22.29123085,7.234630042,1,496.8989729,3.104193366,52.33987185,1.978879224
72.48219613,26.24703502,3.049757052,2,688.9068472,3.267553031,9.301018078,1.115061932
66.19859899,25.05098342,0.565678531,3,627.5517703,3.220913085,0.3199922,-0.569729329
58.34067331,15.63373892,4.373334118,3,244.4137926,2.74943133,19.12605131,1.475525674
70.6138989,19.53687024,5.469608181,3,381.6892987,2.972303462,29.91661366,1.699206983
61.25748438,27.15338225,5.837948935,1,737.3061677,3.301501615,34.08164776,1.764379525
68.41404882,23.79098241,4.076006389,3,566.0108442,3.169306619,16.61382808,1.405117683
68.38239796,24.83987287,4.95099179,3,617.0192842,3.212450139,24.5123197,1.599587918
85.0925771,23.51875255,7.416439601,3,553.1317214,3.157798084,55.00357636,2.003699104
89.22275484,25.14811876,8.174929605,1,632.427877,3.224783093,66.82947404,2.101072106
64.32575398,22.25324901,1.632267265,2,495.2070913,3.102488021,2.664296423,0.489970008
79.95632223,22.30812236,8.955843113,2,497.6523231,3.104950843,80.20712587,2.192306181
57.14548321,21.61488388,4.540799248,1,467.2032053,3.073382146,20.61885782,1.513103042
78.69621011,21.17592558,4.225624651,3,448.4198242,3.052864951,17.85590369,1.441167096
75.10337316,22.57087806,8.258850975,1,509.4445365,3.116660494,68.20861943,2.111285471
53.19376811,20.86812344,2.155471952,2,435.4785759,3.0382228,4.646059335,0.768009703
70.32717914,17.57880243,7.734718218,3,309.0142949,2.866693769,59.82586591,2.045719054
78.21068608,21.0649331,9.325297764,1,443.7314064,3.047609719,86.96117838,2.232730897
58.87772779,22.24380788,1.646449238,3,494.7869892,3.102063673,2.710795092,0.498620992
65.97902425,19.91713822,3.943761566,1,396.6923947,2.991580578,15.55325529,1.37213498
53.9021563,18.76955848,4.726219825,1,352.2963257,2.932236328,22.33715383,1.553125692
67.62355752,28.69864885,2.125937873,3,823.6124457,3.356850043,4.519611842,0.754213057
55.83114826,23.45005723,0.703526386,1,549.9051843,3.154872936,0.494949376,-0.351649896
51.83808412,20.95354393,2.534032057,1,439.0510033,3.042307793,6.421318464,0.929811732
77.63983607,22.36843975,9.961504517,2,500.3470969,3.107651026,99.23157224,2.298728116
67.43084678,25.56660059,3.738706817,2,653.6510657,3.241286835,13.97792867,1.318739781
72.16283294,20.36288277,4.849894396,3,414.6469948,3.013713772,23.52147565,1.578956931
49.41629182,22.45199195,1.625302644,1,504.0919424,3.111379338,2.641608683,0.485694041
60.72620267,20.61018947,6.145555512,2,424.7799101,3.025785588,37.76785255,1.81572914
84.63014751,24.76642258,7.283521234,3,613.3756872,3.209488807,53.04968157,1.985614431
83.17310794,20.89838761,9.834794262,1,436.7426046,3.039672008,96.72317818,2.285926533
73.74523927,24.37233024,8.424876153,2,594.0104813,3.193448482,70.97853819,2.131188776
59.19718294,24.64762333,3.756501162,3,607.505336,3.204680479,14.11130098,1.323487982
57.40978977,22.7559926,1.776490111,3,517.835199,3.124828521,3.155917116,0.57463957
80.18602119,22.69740509,9.878428853,2,515.1721977,3.122250605,97.58335661,2.290353476
62.13236982,19.23185918,6.557305255,2,369.8644077,2.956568236,42.99825221,1.880579734
60.19299413,23.16856779,2.296645211,3,536.7825335,3.142796523,5.274579223,0.831449454
73.8331351,24.39554206,3.662089971,3,595.1424725,3.194400413,13.41090295,1.298034015
71.76836933,25.60191807,3.299183559,2,655.4582089,3.242667273,10.88461216,1.193675032
72.66600295,24.55444415,6.106891055,2,602.9207274,3.200892862,37.29411835,1.809417815
52.73142561,23.99535894,0.027744283,3,575.7772505,3.177860434,0.000769745,-3.584725462
82.42030245,24.18256189,9.927533169,1,584.7962995,3.18563179,98.55591482,2.295312025
58.67355478,25.2688636,1.782113931,1,638.5154674,3.22957295,3.175930062,0.577800261
56.61262339,22.39709884,2.01968685,1,501.6300365,3.108931434,4.079134973,0.702942475
79.72592998,22.23306371,7.95703972,1,494.309122,3.101580537,63.3144811,2.074057036
61.95581542,22.98949667,6.293869505,2,528.516957,3.135037445,39.61279335,1.839576065
69.5726632,21.45041834,5.415338883,3,460.120447,3.065744148,29.32589522,1.689235461
65.05964253,24.95195851,2.294558184,1,622.6002332,3.216952316,5.264997261,0.830540313
65.50577303,25.98337784,6.314583598,1,675.1359242,3.25745702,39.87396601,1.842861815
72.291285,22.37891907,6.145941594,1,500.8160186,3.108119403,37.77259808,1.815791961
81.64322292,23.77758407,5.016462163,3,565.3735043,3.168743291,25.16489263,1.612724937
62.00389866,25.09493716,0.682170561,2,629.7558709,3.222666119,0.465356674,-0.382475563
60.24014251,19.68660273,3.606978494,3,387.562327,2.97993834,13.01029386,1.28287044
81.4684624,23.88881641,9.353038901,1,570.6755497,3.173410417,87.47933669,2.235701307
68.70363218,23.38725755,6.583520945,1,546.9638156,3.152191325,43.34274803,1.8845697
54.25687319,23.40220499,4.441769242,1,547.6631982,3.152830248,19.729314,1.491052775
70.44884243,23.44902466,4.620491611,1,549.8567574,3.154828902,21.34894273,1.530501109
62.04742506,22.24518616,4.732166051,1,494.8483072,3.102125633,22.39339554,1.554383037
45.75956247,22.33262601,3.072523777,2,498.7461844,3.106048659,9.440402363,1.122499301
69.17757705,20.6917649,3.417390864,3,428.1491347,3.02973579,11.67856032,1.228877355
68.89693072,23.03466664,8.987959628,1,530.5958672,3.137000326,80.78341827,2.195885863
81.86832437,25.17314746,6.190740624,2,633.6873532,3.22577785,38.32526948,1.823054728
64.85286804,23.04347445,6.660867934,1,531.0017146,3.137382625,44.36716164,1.896249796
67.43824157,26.01890206,4.068359209,1,676.9832647,3.258823276,16.55154665,1.403239775
52.77482756,20.93005724,1.8060612,2,438.067296,3.041186271,3.261857059,0.591148342
72.03224341,24.88870453,5.848822165,1,619.4476129,3.214414067,34.20872072,1.766240302
45.55420047,23.43318182,0.842277105,1,549.1140104,3.154153045,0.709430722,-0.171646216
85.39015455,21.69243405,8.576364859,2,470.561695,3.076963538,73.5540342,2.149010148
50.01275406,21.87853191,2.839289906,1,478.6701586,3.085505878,8.06156717,1.043553988
62.59129274,23.65819194,2.369043739,3,559.7100458,3.163709437,5.612368235,0.862486388
64.72470722,22.00269716,7.313633969,2,484.1186822,3.091165044,53.48924183,1.989740273
61.6251774,21.32761753,3.284927465,3,454.8672694,3.06000283,10.79074845,1.189344571
65.3459185,19.80335436,5.589657405,3,392.1728438,2.985851335,31.2442699,1.720917998
59.4991681,23.52930515,3.121593252,1,553.6282009,3.158246672,9.744344433,1.138343529
79.68485557,23.98704934,5.815670216,2,575.3785361,3.177514074,33.82202006,1.760556036
60.60991749,24.19718155,3.442757265,3,585.503595,3.186236161,11.85257758,1.236272681
61.75369023,23.20842869,3.370211611,3,538.6311624,3.144515518,11.3583263,1.214975535
81.66448906,22.19476775,7.355175316,1,492.6077153,3.099856574,54.09860393,1.99540419
74.42943987,26.54503065,6.084060343,2,704.6386522,3.278842561,37.01579026,1.805672293
66.24065017,25.5076301,2.972079779,3,650.6391935,3.238977627,8.83325821,1.08926197
74.06095384,23.34814943,5.506922828,1,545.136082,3.150517728,30.32619904,1.706005997
71.61312531,22.0959316,5.921758811,3,488.2301931,3.095393501,35.06722742,1.778633501
71.80606873,20.48437568,7.346305551,2,419.6096472,3.019662434,53.96820526,1.994197541
85.16114821,27.10724825,9.18567023,2,734.8029078,3.299801155,84.37653758,2.217644686
67.71342598,24.23281325,3.552716444,3,587.229238,3.187707634,12.62179413,1.267712506
70.76971671,24.79901401,4.803097765,1,614.991096,3.210803895,23.06974814,1.569261077
67.94452102,24.39516399,3.187402501,3,595.1240259,3.194384915,10.1595347,1.159206322
58.15150833,25.18209843,0.628845699,3,634.1380812,3.226133362,0.395446913,-0.463869365
68.53094251,20.99789626,6.146972291,3,440.9116474,3.044422255,37.78526835,1.81595965
64.94107779,21.25312469,5.45823297,2,451.695309,3.056503929,29.79230715,1.697125106
74.98263091,22.37822716,8.696499227,2,500.7850508,3.108088484,75.62909881,2.162920557
86.73705917,24.43430255,8.631545652,2,597.0351413,3.195987987,74.50358035,2.155423591
54.2111763,24.90540646,0.942488133,3,620.2792707,3.215084907,0.888283882,-0.05923195
64.16361962,25.31799215,2.745957861,3,641.0007263,3.231515295,7.540284575,1.010129962
65.10348505,20.55514656,3.236785161,3,422.5140499,3.02311135,10.47677818,1.174580603
55.53687067,19.72027029,2.030115484,3,388.8890604,2.981647056,4.121368878,0.70809268
75.28001038,21.06544415,5.979280025,2,443.7529371,3.04763398,35.75178961,1.788300164
62.62659198,21.98915671,3.910743482,3,483.523013,3.090549455,15.29391459,1.363727505
58.17433745,20.60025116,4.924444901,1,424.370348,3.025303268,24.25015758,1.594211558
68.34033816,25.16311135,2.805251214,3,633.1821728,3.225379087,7.869434372,1.031493094
66.07881835,23.4187192,5.867600739,2,548.4364091,3.153535669,34.42873843,1.769445818
50.2342758,24.85738741,1.617707121,1,617.8897091,3.213154989,2.61697633,0.481009789
79.18584721,24.47274506,9.213782367,3,598.915251,3.197560052,84.89378551,2.220700446
69.7762095,22.06875344,5.514873362,3,487.0298786,3.094162737,30.4138282,1.70744869
77.44007468,21.61696897,7.603049933,3,467.2933474,3.073478607,57.80636828,2.028549474
61.46341956,22.07959913,5.828000456,2,487.5086979,3.094654066,33.96558932,1.762673967
76.54077835,19.71807604,8.423893512,3,388.8025227,2.981535781,70.96198191,2.131072134
58.37518149,17.11937919,8.338937571,1,293.0731437,2.840211108,69.53787981,2.120935819
57.03358271,24.3758502,0.143601603,1,594.1820729,3.193592896,0.02062142,-1.940712457
47.9913412,17.29349102,4.240063119,1,299.0648317,2.850330189,17.97813525,1.444578156
73.34746091,18.52349607,9.570970137,2,343.1199067,2.919039984,91.60346937,2.258734573
64.86609264,23.35154919,3.439702897,2,545.2948496,3.150663328,11.83155602,1.2353851
72.89433299,23.84064007,4.836545058,3,568.3761189,3.17139169,23.3921681,1.576200635
63.83741792,22.41725325,5.112278368,2,502.5332432,3.109830897,26.13539012,1.631645169
51.81020856,23.30319935,0.87084621,3,543.0390999,3.148590662,0.758373121,-0.138289885
50.05081162,19.55209935,1.784535113,1,382.2845889,2.973082664,3.18456557,0.579157941
69.31353977,23.42237656,4.887570343,3,548.6077239,3.153691829,23.88834386,1.586695318
75.37832934,20.76334189,7.216939651,2,431.1163666,3.033189023,52.08421793,1.976430992
98.45219304,25.24587086,8.853774995,3,637.3539955,3.228662612,78.38933166,2.180843921
63.79720709,19.34333488,7.741892217,2,374.1646043,2.962347909,59.9368951,2.04664613
66.88522464,25.28200984,1.677360728,3,639.1800214,3.230093069,2.813539012,0.517221563
81.41541436,23.87602212,9.815204733,1,570.0644323,3.172874697,96.33824394,2.283932687
73.10148066,23.46475031,8.309110049,1,550.5945071,3.155499308,69.04130981,2.117352509
73.51676005,22.3776416,8.525146216,2,500.7588436,3.108062318,72.678118,2.143020174
59.23364752,25.87069964,0.806685206,2,669.2930997,3.25311104,0.650741022,-0.214821766
59.34515681,23.09720697,2.377852441,2,533.4809697,3.1397117,5.654182232,0.866197745
67.93749411,23.90348249,1.43144194,3,571.3764753,3.174024159,2.049026029,0.358682286
71.77815292,23.7611335,5.008069559,3,564.5914654,3.1680512,25.0807607,1.611050523
62.53616184,22.28701052,4.826591695,3,496.7108377,3.104004021,23.29598739,1.574140565
71.62413245,21.97002501,2.98799814,3,482.6819989,3.089679025,8.928132882,1.094603645
79.98886239,27.41296333,7.947267939,1,751.4705585,3.311016016,63.15906769,2.072828214
74.45159209,20.84200292,8.643833213,2,434.3890858,3.036970322,74.71585261,2.156846143
73.67970459,21.89711311,6.232046799,2,479.4835626,3.086354807,38.83840731,1.829704818
79.12362289,25.48990779,7.140802019,3,649.7353992,3.238282601,50.99105348,1.965825098
79.52659845,20.30882377,9.462153814,2,412.448323,3.01105546,89.5323548,2.247300033
64.58397689,24.37100991,3.895266361,1,593.9461239,3.193394307,15.17310002,1.359762062
81.18048134,23.58010218,6.247398588,2,556.0212187,3.160403228,39.02998912,1.832165151
83.33320442,26.03129163,5.01688377,3,677.628144,3.259299339,25.16912276,1.612808978
83.01326494,23.23717857,8.871231317,2,539.9664679,3.145753521,78.69874507,2.182813605
63.19103838,25.73465572,3.397171015,1,662.2725048,3.247838555,11.54077091,1.222943031
58.36525205,19.74348922,2.983349196,3,389.8053664,2.982823777,8.900372426,1.093046561
70.71128026,23.6588203,4.81163074,3,559.7397778,3.163735997,23.15179038,1.571036058
56.251947,23.74424704,2.72565081,1,563.7892674,3.167340271,7.429172339,1.002707229
68.15678866,25.61628127,0.812720228,2,656.1938663,3.243228137,0.660514169,-0.207368352
75.55439724,24.06823462,5.555602955,3,579.2799178,3.180892906,30.86472419,1.71480696
63.15237107,24.48868698,2.361514524,3,599.6957899,3.198211255,5.576750847,0.859303161
69.98607911,23.86732275,5.57651354,2,569.6490952,3.172510274,31.09750326,1.718563767
87.30745067,19.95866133,9.971284294,2,398.3481621,2.993663201,99.42651046,2.299709391
62.73080075,24.23771679,1.372883553,2,587.4669153,3.187909965,1.884809249,0.316913311
71.92313899,28.54691218,4.499037438,2,814.9261948,3.351548775,20.24133787,1.503863471
63.8119641,24.58765594,1.874676393,1,604.5528246,3.202244526,3.51441158,0.628436054
62.62463009,24.91766564,0.638900332,3,620.890061,3.215577015,0.408193634,-0.448006812
75.83681317,22.39608029,8.560319855,3,501.5844122,3.108885956,73.27907602,2.147137556
72.33592256,26.77337289,6.497388489,1,716.8134957,3.287407845,42.21605718,1.871400325
72.05019217,26.70959823,6.498478928,1,713.4026375,3.285022985,42.23022838,1.871568138
71.15163022,20.58657749,5.99198468,2,423.8071729,3.024639285,35.90388041,1.79042269
85.9669782,23.94005448,9.995426198,2,573.1262085,3.175552976,99.90854488,2.302127608
61.34036453,23.46822972,2.797870468,2,550.7578062,3.15564758,7.828079158,1.028858581
67.08346585,25.29455273,0.647913071,3,639.8143978,3.230589065,0.419791347,-0.433998742
59.61632329,22.82456751,1.702007784,1,520.960882,3.127837478,2.896830497,0.531808604
83.88201781,20.60093154,7.488440773,3,424.3983803,3.025336295,56.07674522,2.013360601
54.38788867,22.24407094,0.764080083,2,494.7986921,3.102075499,0.583818374,-0.269082674
69.79418006,21.79685669,6.493756608,3,475.1029615,3.081765771,42.16887489,1.870841193
49.65048291,17.98045666,6.554733047,1,323.2968217,2.889285427,42.96452531,1.880187391
62.01228765,23.15921878,5.578896597,1,536.3494146,3.142392921,31.12408724,1.718991014
47.51626658,20.16557845,0.793990809,1,406.6505543,3.003977114,0.630421406,-0.230683393
76.89738558,23.46748323,9.820482498,2,550.7227691,3.155615771,96.44187649,2.284470255
66.97434074,24.15389517,5.816152843,1,583.410652,3.184445658,33.8276339,1.76063902
58.18261885,21.98543678,1.384778279,1,483.3594302,3.090380269,1.917610882,0.325540039
55.55054624,22.55102153,1.111078714,3,508.5485719,3.115780365,1.234495909,0.105331358
53.58572967,19.93526102,3.210009085,3,397.4146318,2.992490074,10.30415833,1.166273767
72.0257886,24.8174832,8.745366659,1,615.9074724,3.211548373,76.48143799,2.168524035
53.94532283,23.92861235,1.349392773,1,572.5784889,3.175074912,1.820860856,0.299654694
57.48901126,20.56664216,4.898067194,2,422.9867696,3.023670451,23.99106223,1.588840677
57.90417282,21.99946479,2.014652397,3,483.976451,3.091018125,4.058824283,0.700446673
76.08440573,24.3873479,7.031761457,3,594.7427378,3.194064469,49.44566918,1.950437237
68.90449111,26.36456219,4.720814745,3,695.0901396,3.272020767,22.28609186,1.5519814
67.83365535,26.2036484,3.973947957,3,686.6311894,3.265898653,15.79226236,1.379760048
84.52744886,21.89515937,9.386931923,3,479.3980036,3.086265579,88.11449093,2.239318501
52.94044497,20.5772942,4.145228418,1,423.4250367,3.024188245,17.18291864,1.421957894
80.6466068,23.68560633,6.963477437,3,561.0079472,3.164867536,48.49001802,1.940678981
83.39067042,23.32420583,9.59041856,3,544.0185778,3.149491698,91.97612816,2.260764533
86.22168103,23.20375527,6.712284924,3,538.4142584,3.14431413,45.0547689,1.903939418
67.20448697,26.85713704,5.344568696,1,721.3058098,3.290531597,28.56441454,1.676080848
77.41887531,18.66680543,6.972828188,3,348.449625,2.926746836,48.62033295,1.942020908
68.15393637,25.42424913,5.900253409,3,646.3924438,3.235703409,34.81299029,1.774995301
65.5329435,23.65208165,5.129072168,1,559.4209662,3.16345113,26.3073813,1.634924779
63.2127805,23.90798699,2.178704108,1,571.5918421,3.174212587,4.746751589,0.778730254
77.86992368,21.75996089,3.981887863,3,473.4958978,3.080071625,15.85543096,1.381756044
72.69036432,24.76130283,5.144474718,2,613.1221177,3.209282065,26.46562013,1.637923268
79.0904627,23.12093106,9.430083397,1,534.5774532,3.140738314,88.92647288,2.24390494
65.02754638,24.4083984,1.469341903,3,595.7699126,3.19492727,2.158965628,0.384814616
59.94925908,21.48742976,2.481687434,3,461.7096378,3.067468102,6.158772522,0.908938746
70.32328027,21.70019376,4.907914351,3,470.8984091,3.077321189,24.08762328,1.590849076
66.66728301,24.12548664,5.413599005,1,582.0391055,3.183268819,29.30705419,1.688914122
67.10932021,23.23134016,5.599131745,2,539.6951654,3.145502236,31.3502763,1.72261154
71.89689554,21.10050196,8.964667937,1,445.2311831,3.04929683,80.36527123,2.193291066
52.38577262,24.80075618,2.12444281,1,615.0775069,3.210874144,4.513257252,0.753509561
67.78587226,22.85140197,7.708250673,1,522.1865718,3.129012471,59.41712844,2.042291271
60.75792237,21.66573426,8.627879673,1,469.4040409,3.075731946,74.44030765,2.154998782
84.25821539,22.66404071,7.04149978,2,513.6587413,3.120779559,49.58271915,1.951821184
60.51805188,21.71161083,1.62747079,2,471.3940449,3.077847179,2.648661174,0.487027147
68.8590143,25.19442879,0.833879462,3,634.759242,3.22662289,0.695354958,-0.181666417
81.69930088,22.16263338,7.930901852,3,491.1823182,3.09840769,62.89920418,2.070766756
65.33980856,22.98727337,5.629933395,3,528.4147371,3.134940731,31.69615003,1.728097612
80.87668145,22.16641067,8.649828744,1,491.3497619,3.09857811,74.81953729,2.157539522
57.75949811,24.26847298,1.361986939,2,588.9587807,3.1891781,1.855008422,0.308944618
59.1142066,21.98066653,1.994141717,3,483.1497013,3.090163273,3.976601189,0.690213741
47.7215671,22.07929659,1.738200148,1,487.4953379,3.094640364,3.021339755,0.55285018
61.54472703,21.29865204,6.927624948,1,453.6325785,3.058643786,47.99198742,1.935517034
84.63196048,20.89974242,9.689699723,1,436.7992333,3.039736835,93.89028073,2.271063437
73.05269991,23.3580436,6.666301482,2,545.5982007,3.150941404,44.43957545,1.897065206
58.2350305,25.69273405,5.660873146,1,660.116583,3.24620823,32.04548478,1.733578146
70.54457781,21.14692089,2.572940001,3,447.1922632,3.051494311,6.62002025,0.945049214
62.27558431,23.87962561,4.631036781,3,570.2365193,3.17302561,21.44650166,1.53278077
48.05533918,20.63081585,1.49093301,1,425.6305628,3.026785873,2.222881241,0.399402105
59.87710794,25.60825572,1.326967785,3,655.782761,3.242914789,1.760843503,0.282896479
89.37904314,24.41199699,9.711806918,2,595.9455968,3.195074691,94.31919362,2.273342353
78.51986838,23.625926,8.667894995,2,558.1843795,3.162344668,75.13240365,2.15962597
98.11528531,25.65753849,9.689723891,2,658.3092814,3.244837427,93.89074909,2.271065931
64.87440676,23.88471979,4.791282471,1,570.4798393,3.173238915,22.95638772,1.566798115
71.82867164,22.40302574,6.288237022,3,501.8955623,3.109196027,39.54192485,1.838680749
72.19799161,23.85470385,5.910485208,2,569.0468955,3.171981424,34.93383539,1.776727927
53.33848309,22.53249167,1.192158947,2,507.7131809,3.114958342,1.421242955,0.175765905
86.10283836,24.27289647,4.751208592,3,589.173503,3.189360356,22.57398309,1.558399026
80.96999265,26.9642284,9.350967845,1,727.0696133,3.294511114,87.44059964,2.235479851
62.11494483,22.63915996,5.359901572,1,512.5315639,3.119681149,28.72854486,1.678945611
51.1791772,21.19112277,2.499690105,1,449.0636844,3.053582357,6.24845062,0.916166766
73.03590235,25.30615642,6.493863109,1,640.4015525,3.231047703,42.17025808,1.870857594
55.5281137,19.49946421,1.27947167,1,380.2291045,2.970386989,1.637047755,0.246447235
72.8056328,21.02267646,8.117955227,2,441.9529256,3.045601687,65.90119707,2.094078303
71.28476748,24.35846691,3.007511781,1,593.3349103,3.192879506,9.04512711,1.101113086
65.90475156,25.03944434,0.937468254,3,626.9737729,3.220452355,0.878846726,-0.064572385
67.2970358,27.57879562,7.347187749,1,760.589968,3.317047203,53.98116782,1.994317621
72.78402271,20.56828832,9.054085885,2,423.0544844,3.023750488,81.97647121,2.203216135
67.41801001,22.16274336,6.576713936,2,491.1871932,3.098412652,43.2531662,1.883535219
79.15547149,25.63434076,7.757780335,2,657.1194261,3.243932888,60.18315573,2.048696254
67.07027087,23.96267925,4.586032154,1,574.2099969,3.176497589,21.03169092,1.523015196
80.84941391,22.53357623,8.454911767,3,507.7620578,3.115006474,71.48553299,2.134747547
62.28179565,22.44509039,3.666434446,1,503.7820827,3.111071899,13.44274155,1.299219649
58.42529521,22.92511587,1.603820366,2,525.5609377,3.132233072,2.572239766,0.472388512
68.65189975,22.79827395,7.561502168,1,519.7612953,3.126684829,57.17631504,2.02306987
81.97333275,24.66465402,6.072675423,3,608.3451582,3.205371208,36.87738679,1.80379927
75.65054875,20.97819113,7.546075196,2,440.0845032,3.043483381,56.94325086,2.021027587
67.6077257,22.49427465,2.274104413,2,505.992392,3.113260817,5.17155088,0.82158631
65.44175198,24.03549285,6.657268016,1,577.7049165,3.179531607,44.31921744,1.895709193
66.98653145,20.98454452,5.584463768,3,440.3511087,3.043786191,31.18623558,1.719988415
54.50930315,24.67271768,0.808485851,3,608.7429976,3.205698086,0.653649372,-0.2125921
65.12151277,19.38160113,6.031380356,3,375.6464624,2.964324221,36.377549,1.796975899
85.91057328,22.64649238,9.926854544,2,512.8636171,3.120004978,98.54244114,2.295243665
82.41889777,26.2634396,7.581749803,3,689.7682596,3.268177843,57.48293007,2.025744018
76.31821874,19.73567748,9.801526212,2,389.4969656,2.982428037,96.06991608,2.282538109
65.39108433,24.23673164,0.606461989,2,587.4191605,3.187869319,0.367796144,-0.500113225
66.05254399,21.35493372,7.783516208,1,456.0331942,3.061282801,60.58312456,2.052008191
74.33236536,24.53567656,4.851909929,3,601.9994243,3.200128244,23.54102996,1.579372427
52.71818582,20.60597366,0.889125301,3,424.6061504,3.025581017,0.790543801,-0.117517107
46.48033101,22.41549175,1.871311376,1,502.4542703,3.109752316,3.501806265,0.626639456
65.55599519,23.93343146,4.560543757,2,572.8091416,3.175276287,20.79855936,1.517441861
86.35060171,24.99155314,8.738116375,3,624.5777284,3.218537893,76.35467779,2.167694649
64.51836022,24.88139143,2.377072333,3,619.0836397,3.214120192,5.650472876,0.865869618
54.92328939,24.95760462,0.367904406,2,622.8820284,3.21717857,0.135353652,-0.999932142
80.67989721,22.58720597,9.762906891,3,510.1818736,3.117383638,95.31435096,2.278590193
55.53480288,23.83747372,3.548343058,2,568.2251535,3.171258869,12.59073846,1.26648075
66.08985789,22.85475613,2.415305718,3,522.3398779,3.129159242,5.833701713,0.881825871
66.52454539,22.62072692,7.704736767,1,511.6972866,3.118866607,59.36296865,2.041835304
73.32357151,21.11460162,6.188276664,3,445.8264015,3.049964821,38.29476807,1.822656641
81.27898326,22.71409045,9.136574839,1,515.9299051,3.122985457,83.47699978,2.212285571
55.76561428,19.72874995,4.814439656,3,389.2235746,2.98207696,23.1788292,1.571619664
60.64663334,21.58363665,3.025418366,3,465.8533711,3.071935465,9.153156291,1.107049385
58.01345558,24.9822037,1.909568449,3,624.1105016,3.218163719,3.646451663,0.646877274
71.61630865,22.69658283,5.101793781,1,515.1348721,3.122214377,26.02829978,1.6295922
48.10411344,23.33820808,0.557725946,1,544.6719562,3.150091849,0.311058231,-0.583887573
76.55678315,20.64817921,4.929241117,3,426.3473048,3.027627142,24.29741799,1.595185044
64.72528756,18.65148862,7.892546882,1,347.8780278,2.925925962,62.29229628,2.065918881
62.28038344,23.47648216,7.210243205,1,551.1452147,3.155999161,51.98760707,1.975502682
69.79457266,18.61240068,4.36462824,2,346.4214591,2.923828062,19.04997967,1.473533017
83.69000295,23.18037597,7.229734058,3,537.3298303,3.143306058,52.26905456,1.978202252
67.05547692,23.98146963,7.20212158,1,575.1108855,3.177281433,51.87055526,1.974375647
52.92512455,21.40002745,2.037349918,2,457.9611747,3.063392205,4.15079469,0.711649904
65.83162154,23.8398715,4.226122913,1,568.3394732,3.171359452,17.86011488,1.441285004
75.62571848,23.8241679,7.72487636,2,567.590976,3.170700523,59.67371477,2.044445817
77.76176545,24.32902856,6.262086094,3,591.9016306,3.191670228,39.21372225,1.834513372
66.20531489,24.16393131,3.793692684,1,583.8955763,3.18486108,14.39210418,1.333339868
67.47527867,25.10577272,4.973493812,2,630.2998239,3.223097809,24.7356407,1.604122573
47.92339236,22.27329229,0.502281939,3,496.0995493,3.103388305,0.252287146,-0.688593686
43.44522183,20.27359727,0.278403584,2,411.0187464,3.009319413,0.077508556,-1.278683476
55.21525147,20.74491666,1.635197941,1,430.3515671,3.032301236,2.673872307,0.491763862
64.84736739,21.40685783,3.788658581,2,458.253562,3.06371133,14.35393384,1.33201202
75.77303296,23.2987346,9.724748977,1,542.831034,3.14839905,94.57074267,2.274674077
91.85762485,22.95958809,9.42176983,3,527.1426852,3.133735631,88.76974673,2.243022951
56.08120524,24.69819182,1.213279967,1,610.0006791,3.206730035,1.472048279,0.193327409
63.16539281,26.11727749,4.864300634,2,682.1121833,3.262597068,23.66142066,1.581922951
77.33117243,25.37528884,7.430459936,2,643.9052836,3.23377582,55.21173486,2.005587759
69.74991357,24.63307907,4.893870081,2,606.7885843,3.204090217,23.94996437,1.587983418
81.98060784,21.54387873,9.296504417,3,464.1387109,3.070091727,86.42499438,2.22963846
59.83089238,24.05222611,2.824944991,1,578.509581,3.180227554,7.980314203,1.038488892
62.18034934,22.16113959,0.536961372,2,491.1161079,3.098340286,0.288327515,-0.621829121
85.40053481,20.93019926,9.976064903,3,438.073241,3.041193057,99.52187094,2.300188714
71.19463106,24.81203136,5.56015244,1,615.6369003,3.211328671,30.91529515,1.715625525
42.22638253,24.0242991,1.48127893,1,577.1669472,3.179065781,2.194187268,0.392905856
72.60422422,24.71906351,3.811869058,3,611.0321009,3.207574748,14.53034571,1.338119635
67.62426479,25.83732666,6.027700277,2,667.567449,3.251820216,36.33317063,1.796365558
79.71572959,22.82853998,6.96789521,3,521.1422376,3.128011507,48.55156366,1.941313201
34.04860218,18.14448389,0.970828086,1,329.2222956,2.898366596,0.942507173,-0.029605875
72.46113929,23.85027842,9.156022356,2,568.8357805,3.171795891,83.83274538,2.214411844
66.9073229,21.5708016,6.10253996,2,465.2994819,3.071340623,37.24099396,1.808705071
75.59134432,23.25562376,5.902515161,2,540.8240365,3.146546985,34.83968522,1.775378559
56.5977473,20.11264869,1.381774365,2,404.5186374,3.001348905,1.909300397,0.323368445
69.96340928,22.91449368,8.231521202,3,525.0740205,3.131769622,67.7579413,2.107970834
33.90654816,19.05259563,0.029467056,1,363.0014003,2.947203346,0.000868307,-3.5244824
55.484324,25.27216875,0.902846931,2,638.6825134,3.229703741,0.81513258,-0.102202252
77.16822475,22.63173913,8.680019437,3,512.1956162,3.119353307,75.34273742,2.161023768
90.8019694,26.41537094,9.758407266,3,697.771822,3.273946073,95.22651238,2.278129197
63.65318556,23.77125273,2.51529024,1,565.0724564,3.168476982,6.326684991,0.9223882
67.32526155,22.94476931,5.150485537,1,526.4624388,3.133089994,26.52750127,1.639090989
79.63913286,20.06976474,9.016498139,2,402.7954569,2.999214441,81.29723868,2.199056026
57.31551421,23.1275293,1.305738529,2,534.8826115,3.141023653,1.704953107,0.266768803
70.04583002,20.92323913,9.341862982,1,437.7819358,3.040860461,87.27040397,2.234505695
84.00685536,25.04404763,9.777916572,1,627.2043217,3.22063618,95.60765249,2.280126432
51.25570727,25.02710713,1.100774729,1,626.3560913,3.219959523,1.211705003,0.096014231
61.2815353,24.98347826,0.715225367,2,624.174186,3.218214737,0.511547325,-0.335157588
81.16132809,17.78246934,9.761909188,3,316.216216,2.878213104,95.294871,2.278487995
72.07221523,25.7393411,2.839377299,3,662.5136804,3.248020604,8.062063446,1.043584767
62.19738834,22.0061377,5.635214916,2,484.2700966,3.091321401,31.75564715,1.729035286
67.60159663,21.3569051,4.122454573,3,456.1173953,3.061375111,16.99463171,1.416448756
85.14690634,25.13800809,9.121812093,2,631.9194505,3.224380967,83.20745586,2.210668479
81.36343653,21.49054418,9.618160645,2,461.8434893,3.067613033,92.5090142,2.263653045
67.16083606,26.68357311,3.962819835,1,712.0130739,3.284048137,15.70394104,1.376955851
66.07444797,25.47144829,0.073134648,2,648.7946778,3.23755815,0.005348677,-2.615453048
78.56839459,23.61756536,7.087000213,1,557.7893934,3.16199073,50.22557201,1.95826215
66.44924515,21.26376317,4.685253596,2,452.1476243,3.057004364,21.95160126,1.544420044
53.53715268,22.49478798,4.455706163,1,506.0154861,3.113283637,19.85331741,1.494185559
73.68824488,22.8246465,9.604763582,1,520.9644877,3.127840939,92.25148346,2.262259182
68.31912068,23.28266049,7.522288035,2,542.0822794,3.147708898,56.58481728,2.017870352
56.38825674,23.15815791,0.806513019,1,536.300278,3.142347112,0.65046325,-0.215035239
60.8204632,23.82255734,3.881967878,1,567.5142383,3.170632919,15.06967461,1.35634221
65.63390497,21.95103948,4.075030463,2,481.8481342,3.088814495,16.60587328,1.404878222
68.15967972,23.11899121,5.622428909,1,534.4877547,3.14065441,31.61170684,1.726763761
66.41262073,23.47194367,5.001407759,1,550.9321394,3.155805821,25.01407957,1.609719425
76.89275814,24.42990656,7.530382697,3,596.8203343,3.19580806,56.70666356,2.018945863
53.65793311,19.96114731,0.299314717,3,398.447402,2.99378775,0.0895893,-1.206259694
80.17523371,24.75983698,8.46030694,3,613.0495274,3.209222864,71.57679351,2.135385454
64.09655356,21.21414046,4.513198633,2,450.0397555,3.054667962,20.3689619,1.507006133
54.94417502,22.8408988,3.13447206,1,521.7066579,3.128552736,9.824915098,1.142460758
65.07507519,24.39146962,3.238922476,1,594.9437901,3.194233465,10.49061881,1.175240705
81.43458575,25.69929816,6.513850139,3,660.4539259,3.246463683,42.43024364,1.873930701
63.7621909,20.7684944,4.462366023,1,431.3303596,3.033437146,19.91271052,1.495679124
66.90901139,25.88828402,1.803301433,3,670.2032494,3.253790512,3.251896059,0.589619114
47.21375526,19.6539884,2.109179627,1,386.27926,2.97828029,4.4486387,0.74629907
51.92418714,23.08883654,0.747845673,2,533.0943727,3.139349234,0.559273151,-0.290558641
76.46337768,24.67558344,6.368768548,2,608.8844179,3.20581423,40.56121282,1.85140613
56.90552135,21.70213612,1.844625098,2,470.9827121,3.077410694,3.402641753,0.612276058
46.70017964,22.87335407,1.581951021,1,523.1903263,3.129972655,2.502569034,0.458658909
82.99336337,21.61416408,8.99818409,3,467.1720888,3.073348844,80.96731692,2.197022789
87.39121576,22.68172758,9.244415886,2,514.4607662,3.121559648,85.45922507,2.224019681
66.39641231,27.41850202,1.890154476,2,751.7742533,3.311218042,3.572683944,0.636658559
67.68905233,23.51648233,4.654002108,2,553.0249411,3.157701551,21.65973562,1.537727518
84.40369002,24.33009655,8.670004569,3,591.9535983,3.191714125,75.16897923,2.159869318
66.41483041,26.13860778,2.371593507,2,683.2268168,3.263413447,5.62445576,0.863562095
69.43061723,22.54653639,5.828016426,1,508.3463032,3.115581457,33.96577546,1.762676707
83.31613416,23.74328413,8.397918623,1,563.7435415,3.167299717,70.5250372,2.127983892
61.65405721,20.54550402,5.96491171,1,422.1177354,3.022642134,35.58017171,1.785894254
59.30432061,23.53265,5.500309018,2,553.7856159,3.158388818,30.25339929,1.704804276
76.03309198,23.49678879,6.397168548,3,552.0990837,3.156863765,40.92376543,1.855855478
61.51433068,25.14737141,3.048004252,1,632.3902891,3.224753375,9.29032992,1.114487033
70.19242424,24.67544624,4.425589505,3,608.877647,3.20580867,19.58584247,1.487403491
57.7085168,21.69169454,1.784413219,2,470.5296121,3.076929447,3.184130538,0.579089633
51.4331195,23.45716935,0.421867685,1,550.2387937,3.155176177,0.177972344,-0.863063557
80.18120938,23.5122749,7.427808773,2,552.8270712,3.157522621,55.17234316,2.005230899
73.34336221,24.11489166,5.92394908,3,581.5279999,3.182829561,35.0931727,1.779003301
76.5416973,23.53073668,7.176236869,2,553.6955689,3.158307511,51.4983756,1.970775133
96.64754412,26.77376624,8.959393229,3,716.8345586,3.287422536,80.27072703,2.192702505
57.97654926,23.43151661,3.458055207,1,549.0359708,3.15408198,11.95814581,1.240706352
70.55029605,25.61121608,2.650990016,2,655.9343889,3.243030383,7.027748064,0.974933161
73.06188213,22.39650411,5.941093687,2,501.6033962,3.10890488,35.2965942,1.781893239
71.59412955,22.1099999,9.779497662,1,488.8520956,3.09602999,95.63857452,2.280288119
62.34254165,24.92355318,3.997484122,2,621.1835032,3.215813267,15.97987931,1.385665194
86.88084212,24.52833515,8.211113396,3,601.6392253,3.199828986,67.4223832,2.105488529
61.52146469,23.93624433,5.133229294,1,572.9437925,3.175393809,26.35004298,1.635734953
83.42016936,22.31051637,7.087741983,3,497.7591408,3.105058153,50.23608642,1.958366811
67.83407028,21.76357864,4.975116411,1,473.6533551,3.080237868,24.75178331,1.60444877
44.08062608,23.25111548,1.717170954,3,540.6143711,3.146353109,2.948676086,0.540678143
80.24279646,25.80896845,4.841253236,3,666.1028524,3.250722046,23.43773289,1.57717362
51.72692581,22.10897297,4.91854999,1,488.8066856,3.095983543,24.192134,1.59301377
68.09337572,23.75337988,4.651141306,1,564.2230558,3.167724831,21.63311545,1.537112632
43.25358989,22.33996976,1.260743213,2,499.0742487,3.10637744,1.58947345,0.231701399
74.30419795,23.41229863,5.276203442,3,548.1357273,3.153261467,27.83832276,1.663206794
67.5413251,23.57289166,3.74198172,2,555.6812212,3.160097393,14.00242719,1.319615343
61.14149382,23.06995393,1.68057455,3,532.2227744,3.138531075,2.824330818,0.519135729
45.43195046,18.4665708,0.371255472,3,341.0142369,2.915962113,0.137830625,-0.99086485
81.8222392,25.12918369,6.756078645,2,631.4758728,3.224029867,45.64459866,1.91044264
52.92998787,20.23670635,3.148213762,2,409.5242837,3.007498101,9.911249893,1.146835232
68.85733542,23.70112269,3.120199291,2,561.7432168,3.165522418,9.735643613,1.137896875
82.98972415,22.481164,7.208428949,2,505.4027349,3.112677803,51.96144791,1.975251029
48.75414823,20.34275178,4.821755593,1,413.82755,3.012724671,23.249327,1.573138093
73.50198436,20.44078626,5.558614144,3,417.8257428,3.017532231,30.8981912,1.715348823
59.2074775,23.66305175,4.003036509,2,559.9400183,3.163914834,16.02430129,1.3870532
50.49802219,20.04322632,1.243531909,2,401.7309213,2.997891257,1.546371608,0.217955644
79.35546328,25.4245192,5.021819898,2,646.4061766,3.235714031,25.21867509,1.613792398
73.24198825,25.66428797,5.383670691,2,658.6556771,3.245100452,28.98391011,1.683370426
64.46116594,20.48466192,2.70570138,3,419.6213741,3.019676407,7.320819958,0.995361169
87.30142887,25.52185408,6.495621006,2,651.3650357,3.239535108,42.19309226,1.871128259
66.46525665,22.34510938,4.265297796,1,499.3039132,3.106607477,18.19276529,1.450512002
74.78611869,20.22590799,7.946141751,1,409.0873539,3.006964356,63.14116873,2.072686497
65.96955277,20.70885147,7.509593696,1,428.8565293,3.030561216,56.39399748,2.016181363